{
    "poets": [
        {
            "name": "الخنساء",
            "era": "العصر الجاهلي",
            "poems": [
                {
                    "text": "تَذْرِفُ عَيْنَايَ الدُّمُوعَ لِذِكْرِهِ *** وَحَقَّ لِعَيْنَيْ أَنْ تَفِيضَ عَلَى صَخْرِ",
                    "theme": "الرثاء"
                },
                {
                    "text": "أَلا يَا صَخْرُ إِنْ أَبْكِيكَ حَتَّى *** أَرَى الدَّمْعَ المُحَدَّرَ قَدْ تَوَلَّى",
                    "theme": "الرثاء"
                }
            ]
        },
        {
            "name": "الأعشى",
            "era": "العصر الجاهلي",
            "poems": [
                {
                    "text": "وَدِّعْ هُرَيْرَةَ إِنَّ الرَّكْبَ مُرْتَحِلُ *** وَهَلْ تُطِيقُ وَدَاعًا أَيُّهَا الرَّجُلُ",
                    "theme": "الغزل"
                },
                {
                    "text": "غَرَّاءُ فَرْعَاءُ مَصْقُولٌ عَوَارِضُهَا *** تَمْشِي الهُوَيْنَا كَمَا يَمْشِي الوَجِي الوَحِلُ",
                    "theme": "الغزل"
                }
            ]
        },
        {
            "name": "النابغة الذبياني",
            "era": "العصر الجاهلي",
            "poems": [
                {
                    "text": "يَا دَارَ مَيَّةَ بِالعَلْيَاءِ فَالسَّنَدِ *** أَقْوَتْ وَطَالَ عَلَيْهَا سَالِفُ الأَبَدِ",
                    "theme": "الطلل"
                },
                {
                    "text": "كَلِّفْتُ لَيْلَى وَالرِّسَالَةَ مُرْسَلًا *** وَلَقَدْ تَكُونُ بِحَاجَةِ المُتَكَلِّفِ",
                    "theme": "الغزل"
                }
            ]
        },
        {
            "name": "الحطيئة",
            "era": "عصر صدر الإسلام",
            "poems": [
                {
                    "text": "دَعِ المَكَارِمَ لَا تَرْحَلْ لِبُغْيَتِهَا *** وَاقْعُدْ فَإِنَّكَ أَنْتَ الطَّاعِمُ الكَاسِي",
                    "theme": "الهجاء"
                },
                {
                    "text": "مَاذَا تَقُولُ لِأَفْرَاخٍ بِذِي مَرَخٍ *** زُغْبِ الحَوَاصِلِ لَا مَاءٌ وَلَا شَجَرُ",
                    "theme": "الاستعطاف"
                }
            ]
        },
        {
            "name": "الأخطل",
            "era": "العصر الأموي",
            "poems": [
                {
                    "text": "ذَهَبَ الشَّبَابُ فَمَا لَهُ مِنْ عَوْدَةٍ *** وَأَتَى المَشِيبُ فَأَيَّ حِينٍ مَطْلَبُ",
                    "theme": "الحكمة"
                },
                {
                    "text": "إِنَّ الثَّمَانِينَ وَبُلِّغْتَهَا *** قَدْ أَحْوَجَتْ سَمْعِي إِلَى تَرْجُمَانِ",
                    "theme": "الشيب"
                }
            ]
        },
        {
            "name": "ذو الرمة",
            "era": "العصر الأموي",
            "poems": [
                {
                    "text": "أَمِنْ آلِ مَيٍّ عَرْفَتَ الطَّلَلْ *** بِحَوْمَانَةِ الدَّرَّاجِ فَالمُتَثَلَّمِ",
                    "theme": "الطلل"
                },
                {
                    "text": "وَمَا بَالُ عَيْنِي كُلَّمَا ذَرَّ شَارِقٌ *** مِنَ الصُّبْحِ أَوْ هَبَّتْ لَهُ الرِّيحُ تَدْمَعُ",
                    "theme": "الغزل"
                }
            ]
        },
        {
            "name": "بشار بن برد",
            "era": "العصر العباسي",
            "poems": [
                {
                    "text": "إِذَا كُنْتَ فِي كُلِّ الأُمُورِ مُعَاتِبًا *** صَدِيقَكَ لَمْ تَلْقَ الَّذِي لَا تُعَاتِبُهْ",
                    "theme": "الحكمة"
                },
                {
                    "text": "عَلِّلَانِي فَإِنَّ العَلَّ نَفْعٌ *** وَاسْقِيَانِي فَإِنَّ الهَمَّ نَصْبُ",
                    "theme": "الخمريات"
                }
            ]
        },
        {
            "name": "أبو العلاء المعري",
            "era": "العصر العباسي",
            "poems": [
                {
                    "text": "غَيْرُ مُجْدٍ فِي مِلَّتِي وَاعْتِقَادِي *** نَوْحُ بَاكٍ وَلَا تَرَنُّمُ شَادِ",
                    "theme": "الفلسفة"
                },
                {
                    "text": "أَرَانِي فِي الثَّرَى رَهْنَ رَهِينٍ *** بِلَا جُرْمٍ جَنَيْتُ وَلَا اكْتِسَابِ",
                    "theme": "الفلسفة"
                }
            ]
        },
        {
            "name": "ابن الرومي",
            "era": "العصر العباسي",
            "poems": [
                {
                    "text": "وَلِي وَطَنٌ آلَيْتُ أَلَّا أَبِيعَهُ *** وَأَلَّا أَرَى غَيْرِي لَهُ الدَّهْرَ مَالِكَا",
                    "theme": "الوطنية"
                },
                {
                    "text": "وَحَبَّبَ أَوْطَانَ الرِّجَالِ إِلَيْهِمُ *** مَآرِبُ قَضَّاهَا الشَّبَابُ هُنَالِكَا",
                    "theme": "الوطنية"
                }
            ]
        },
        {
            "name": "لسان الدين بن الخطيب",
            "era": "العصر الأندلسي",
            "poems": [
                {
                    "text": "جَادَكَ الغَيْثُ إِذَا الغَيْثُ هَمَى *** يَا زَمَانَ الوَصْلِ بِالأَنْدَلُسِ",
                    "theme": "الحنين"
                },
                {
                    "text": "لَمْ يَكُنْ وَصْلُكَ إِلَّا حُلُمًا *** فِي الكَرَى أَوْ خُلْسَةَ ��لمُخْتَلِسِ",
                    "theme": "الغزل"
                }
            ]
        },
        {
            "name": "ابن حمديس الصقلي",
            "era": "العصر الأندلسي",
            "poems": [
                {
                    "text": "سَقَى اللهُ أَرْضًا حَلَّ فِيهَا أَحِبَّتِي *** وَإِنْ كَانَ لَا يَسْقِي بِهَا لِيَ مَضْجَعَا",
                    "theme": "الحنين"
                },
                {
                    "text": "وَلَمَّا رَأَيْتُ البَحْرَ أَرْخَى سُدُولَهُ *** وَمَدَّ عَلَى وَجْهِ الفَضَاءِ ذُيُولَهُ",
                    "theme": "وصف الطبيعة"
                }
            ]
        },
        {
            "name": "البوصيري",
            "era": "العصر المملوكي",
            "poems": [
                {
                    "text": "أَمِنْ تَذَكُّرِ جِيرَانٍ بِذِي سَلَمٍ *** مَزَجْتَ دَمْعًا جَرَى مِنْ مُقْلَةٍ بِدَمِ",
                    "theme": "المدح النبوي"
                },
                {
                    "text": "مَوْلَايَ صَلِّ وَسَلِّمْ دَائِمًا أَبَدًا *** عَلَى حَبِيبِكَ خَيْرِ الخَلْقِ كُلِّهِمِ",
                    "theme": "المدح النبوي"
                }
            ]
        },
        {
            "name": "صفي الدين الحلي",
            "era": "العصر المملوكي",
            "poems": [
                {
                    "text": "يَا سَاكِنِي أَرْضِ أَنْدَلُسٍ لِلَّهِ دَرُّكُمُ *** مَاءٌ وَظِلٌّ وَأَنْهَارٌ وَأَشْجَارُ",
                    "theme": "وصف الطبيعة"
                },
                {
                    "text": "أَنَا مَنْ نَظَرَ الأَعْمَى إِلَى أَدَبِي *** وَأَسْمَعَتْ كَلِمَاتِي مَنْ بِهِ صَمَمُ",
                    "theme": "الفخر"
                }
            ]
        },
        {
            "name": "إيليا أبو ماضي",
            "era": "العصر الحديث",
            "poems": [
                {
                    "text": "أَيُّهَا الشَّاكِي وَمَا بِكَ دَاءٌ *** كُنْ جَمِيلًا تَرَى الوُجُودَ جَمِيلَا",
                    "theme": "التفاؤل"
                },
                {
                    "text": "هَذِهِ الأَرْضُ كَالحَدِيقَةِ فِيهَا *** وَرْدُ خَدٍّ وَآسُ عَارِضِ خَالِ",
                    "theme": "وصف الطبيعة"
                }
            ]
        },
        {
            "name": "أبو القاسم الشابي",
            "era": "العصر الحديث",
            "poems": [
                {
                    "text": "إِذَا الشَّعْبُ يَوْمًا أَرَادَ الحَيَاةَ *** فَلَا بُدَّ أَنْ يَسْتَجِيبَ القَدَرْ",
                    "theme": "الوطنية"
                },
                {
                    "text": "سَأَعِيشُ رَغْمَ الدَّاءِ وَالأَعْدَاءِ *** كَالنَّسْرِ فَوْقَ القِمَّةِ الشَّمَّاءِ",
                    "theme": "التحدي"
                }
            ]
        },
        {
            "name": "أمل دنقل",
            "era": "العصر المعاصر",
            "poems": [
                {
                    "text": "لَا تُصَالِحْ وَلَوْ مَنَحُوكَ الذَّهَبْ *** أَتَرَى حِينَ أَفْقَأُ عَيْنَيْكَ ثُمَّ أَثْبِتُ جَوْهَرَتَيْنِ مَكَانَهُمَا",
                    "theme": "الرفض"
                },
                {
                    "text": "كَانَ يَمْشِي بِخُطْوَةٍ وَاثِقَةْ *** وَيَقُولُ كَلَامًا عَنْ حُبِّهِ لِلْوَطَنْ",
                    "theme": "السياسة"
                }
            ]
        },
        {
            "name": "فدوى طوقان",
            "era": "العصر المعاصر",
            "poems": [
                {
                    "text": "وَأَنَا وَحْدِي مَعَ الأَيَّامِ *** أَجْتَرُّ ذِكْرَاكَ وَأَحْلَامِي",
                    "theme": "الحزن"
                },
                {
                    "text": "سَأَبْقَى عَلَى العَهْدِ مَا دُمْتُ حَيَّةً *** وَمَا دَامَ فِي عُرُوقِي دَمِي يَجْرِي",
                    "theme": "الوطنية"
                }
            ]
        },
        {
            "name": "أبو فراس الحمداني",
            "era": "العصر العباسي",
            "poems": [
                {
                    "text": "أَرَاكَ عَصِيَّ الدَّمْعِ شِيمَتُكَ الصَّبْرُ *** أَمَا لِلْهَوَى نَهْيٌ عَلَيْكَ وَلَا أَمْرُ",
                    "theme": "الفخر"
                },
                {
                    "text": "سَيَذْكُرُنِي قَوْمِي إِذَا جَدَّ جِدُّهُمْ *** وَفِي اللَّيْلَةِ الظَّلْمَاءِ يُفْتَقَدُ البَدْرُ",
                    "theme": "الفخر"
                }
            ]
        },
        {
            "name": "الشريف الرضي",
            "era": "العصر العباسي",
            "poems": [
                {
                    "text": "أَشْكُو إِلَى اللهِ قَلْبًا لَا قَرَارَ لَهُ *** وَلَا عَزَاءَ وَلَا صَبْرًا وَلَا جَلَدَا",
                    "theme": "الحب"
                },
                {
                    "text": "وَإِنِّي لَتَطْرَبُنِي الخَمْرُ حَتَّى *** كَأَنَّ بِقَلْبِي مِنْ هَوَاكِ مُدَامَا",
                    "theme": "الغزل"
                }
            ]
        },
        {
            "name": "ابن الفارض",
            "era": "العصر العباسي",
            "poems": [
                {
                    "text": "شَرِبْنَا عَلَى ذِكْرِ الحَبِيبِ مُدَامَةً *** سَكِرْنَا بِهَا مِنْ قَبْلِ أَنْ يُخْلَقَ الكَرْمُ",
                    "theme": "التصوف"
                },
                {
                    "text": "أَحِنُّ إِلَى مَنْ لَا أُسَمِّيهِ هَيْبَةً *** وَأَخْشَى عَلَيْهِ مِنْ ضَمِيرِي إِذَا سَمَّى",
                    "theme": "التصوف"
                }
            ]
        }
    ]
}
