{
    "eras": [
        "العصر الجاهلي",
        "عصر صدر الإسلام",
        "العصر الأموي",
        "العصر العباسي",
        "العصر الأندلسي",
        "العصر المملوكي",
        "العصر العثماني",
        "العصر الحديث",
        "العصر المعاصر"
    ],
    "poets": [
        {
            "name": "امرؤ القيس",
            "era": "العصر الجاهلي",
            "poems": [
                {
                    "text": "قِفَا نَبْكِ مِنْ ذِكْرَى حَبِيبٍ وَمَنْزِلِ *** بِسِقْطِ اللِّوَى بَيْنَ الدَّخُولِ فَحَوْمَلِ",
                    "theme": "الطلل"
                },
                {
                    "text": "أَفَاطِمَ مَهْلاً بَعْضَ هَذَا التَّدَلُّلِ *** وَإِنْ كُنْتِ قَدْ أزْمَعْتِ صَرْمِي فَأَجْمِلِي",
                    "theme": "الغزل"
                }
            ]
        },
        {
            "name": "زهير بن أبي سلمى",
            "era": "العصر الجاهلي",
            "poems": [
                {
                    "text": "سَئِمتُ تَكاليفَ الحَياةِ وَمَن يَعِش *** ثَمانينَ حَولًا لا أَبا لَكَ يَسأَمِ",
                    "theme": "الحكمة"
                },
                {
                    "text": "وَمَن لا يُصانِع في أُمورٍ كَثيرَةٍ *** يُضَرَّس بِأَنيابٍ وَيوطَأ بِمَنسِمِ",
                    "theme": "الحكمة"
                }
            ]
        },
        {
            "name": "عنترة بن شداد",
            "era": "العصر الجاهلي",
            "poems": [
                {
                    "text": "هَلْ غَادَرَ الشُّعَرَاءُ مِنْ مُتَرَدَّمِ *** أَمْ هَلْ عَرَفْتَ الدَّارَ بَعْدَ تَوَهُّمِ",
                    "theme": "الطلل"
                },
                {
                    "text": "وَلَقَدْ ذَكَرْتُكِ وَالرِّمَاحُ نَوَاهِلٌ *** مِنِّي وَبِيضُ الهِنْدِ تَقْطُرُ مِنْ دَمِي",
                    "theme": "الغزل والحماسة"
                }
            ]
        },
        {
            "name": "طرفة بن العبد",
            "era": "العصر الجاهلي",
            "poems": [
                {
                    "text": "لِخَوْلَةَ أَطْلالٌ بِبُرْقَةِ ثَهْمَدِ *** تَلُوحُ كَباقي الوَشْمِ في ظاهِرِ اليَدِ",
                    "theme": "الطلل"
                },
                {
                    "text": "فَإِنْ مِتُّ فَانْعِينِي بِمَا أَنَا أَهْلُهُ *** وَشُقِّي عَلَيَّ الجَيْبَ يَا ابْنَةَ مَعْبَدِ",
                    "theme": "الرثاء"
                }
            ]
        },
        {
            "name": "لبيد بن ربيعة",
            "era": "العصر الجاهلي",
            "poems": [
                {
                    "text": "عَفَتِ الدِّيَارُ مَحَلُّهَا فَمُقَامُهَا *** بِمِنًى تَأَبَّدَ غَوْلُهَا فَرِجَامُهَا",
                    "theme": "الطلل"
                },
                {
                    "text": "وَمَا المَرْءُ إِلَّا كَالشِّهَابِ وَضَوْئِهِ *** يَحُورُ رَمَادًا بَعْدَ إِذْ هُوَ سَاطِعُ",
                    "theme": "الحكمة"
                }
            ]
        },
        {
            "name": "حسان بن ثابت",
            "era": "عصر صدر الإسلام",
            "poems": [
                {
                    "text": "لَنَا الجَفَنَاتُ الغُرُّ يَلْمَعْنَ بِالضُّحَى *** وَأَسْيَافُنَا يَقْطُرْنَ مِنْ نَجْدَةٍ دَمَا",
                    "theme": "الفخر"
                },
                {
                    "text": "هَجَوْتَ مُحَمَّدًا بَرًّا تَقِيًّا *** رَسُولَ اللهِ شِيمَتُهُ الوَفَاءُ",
                    "theme": "المدح"
                }
            ]
        },
        {
            "name": "كعب بن زهير",
            "era": "عصر صدر الإسلام",
            "poems": [
                {
                    "text": "بَانَتْ سُعَادُ فَقَلْبِي اليَوْمَ مَتْبُولُ *** مُتَيَّمٌ إِثْرَهَا لَمْ يُفْدَ مَكْبُولُ",
                    "theme": "الغزل"
                },
                {
                    "text": "إِنَّ الرَّسُولَ لَنُورٌ يُسْتَضَاءُ بِهِ *** مُهَنَّدٌ مِنْ سُيُوفِ اللهِ مَسْلُولُ",
                    "theme": "المدح"
                }
            ]
        },
        {
            "name": "جرير",
            "era": "العصر الأموي",
            "poems": [
                {
                    "text": "إِنَّ العُيُونَ الَّتِي فِي طَرْفِهَا حَوَرٌ *** قَتَلْنَنَا ثُمَّ لَمْ يُحْيِينَ قَتْلانَا",
                    "theme": "الغزل"
                },
                {
                    "text": "أَلَسْتُمْ خَيْرَ مَنْ رَكِبَ المَطَايَا *** وَأَنْدَى العَالَمِينَ بُطُونَ رَاحِ",
                    "theme": "المدح"
                }
            ]
        },
        {
            "name": "الفرزدق",
            "era": "العصر الأموي",
            "poems": [
                {
                    "text": "هَذَا الَّذِي تَعْرِفُ البَطْحَاءُ وَطْأَتَهُ *** وَالبَيْتُ يَعْرِفُهُ وَالحِلُّ وَالحَرَمُ",
                    "theme": "المدح"
                },
                {
                    "text": "إِنَّ الَّذِي سَمَكَ السَّمَاءَ بَنَى لَنَا *** بَيْتًا دَعَائِمُهُ أَعَزُّ وَأَطْوَلُ",
                    "theme": "الفخر"
                }
            ]
        },
        {
            "name": "عمر بن أبي ربيعة",
            "era": "العصر الأموي",
            "poems": [
                {
                    "text": "أَمِنْ آلِ نُعْمٍ أَنْتَ غَادٍ فَمُبْكِرُ *** غَدَاةَ غَدٍ أَمْ رَائِحٌ فَمُهَجِّرُ",
                    "theme": "الغزل"
                },
                {
                    "text": "قَالَتْ الْكُبْرَى أَتَعْرِفْنَ الْفَتَى *** قَالَتِ الْوُسْطَى نَعَمْ هَذَا عُمَرْ",
                    "theme": "الغزل"
                }
            ]
        },
        {
            "name": "أبو نواس",
            "era": "العصر العباسي",
            "poems": [
                {
                    "text": "دَعْ عَنْكَ لَوْمِي فَإِنَّ اللَّوْمَ إِغْرَاءُ *** وَدَاوِنِي بِالَّتِي كَانَتْ هِيَ الدَّاءُ",
                    "theme": "الخمريات"
                },
                {
                    "text": "صَفْرَاءُ لَا تَنْزِلُ الأَحْزَانُ سَاحَتَهَا *** لَوْ مَسَّهَا حَجَرٌ مَسَّتْهُ سَرَّاءُ",
                    "theme": "الخمريات"
                }
            ]
        },
        {
            "name": "أبو تمام",
            "era": "العصر العباسي",
            "poems": [
                {
                    "text": "السَّيْفُ أَصْدَقُ أَنْبَاءً مِنَ الكُتُبِ *** فِي حَدِّهِ الحَدُّ بَيْنَ الجِدِّ وَاللَّعِبِ",
                    "theme": "المدح"
                },
                {
                    "text": "لَا تُنْكِرِي عَطَلَ الكَرِيمِ مِنَ الغِنَى *** فَالسَّيْلُ حَرْبٌ لِلْمَكَانِ العَالِي",
                    "theme": "الحكمة"
                }
            ]
        },
        {
            "name": "المتنبي",
            "era": "العصر العباسي",
            "poems": [
                {
                    "text": "الخَيْلُ وَاللَّيْلُ وَالبَيْدَاءُ تَعْرِفُنِي *** وَالسَّيْفُ وَالرُّمْحُ وَالقِرْطَاسُ وَالقَلَمُ",
                    "theme": "الفخر"
                },
                {
                    "text": "عَلَى قَدْرِ أَهْلِ العَزْمِ تَأْتِي العَزَائِمُ *** وَتَأْتِي عَلَى قَدْرِ الكِرَامِ المَكَارِمُ",
                    "theme": "الحكمة"
                }
            ]
        },
        {
            "name": "البحتري",
            "era": "العصر العباسي",
            "poems": [
                {
                    "text": "وَفَاءٌ وَحِفْظٌ لِلْمَوَدَّةِ وَالعَهْدِ *** وَصَبْرٌ عَلَى نَائِبَاتِ الزَّمَانِ",
                    "theme": "المدح"
                },
                {
                    "text": "صُنْتُ نَفْسِي عَمَّا يُدَنِّسُ نَفْسِي *** وَتَرَفَّعْتُ عَنْ جَدَا كُلِّ جِبْسِ",
                    "theme": "الفخر"
                }
            ]
        },
        {
            "name": "ابن زيدون",
            "era": "العصر الأندلسي",
            "poems": [
                {
                    "text": "أَضْحَى التَّنَائِي بَدِيلًا مِنْ تَدَانِينَا *** وَنَابَ عَنْ طِيبِ لُقْيَانَا تَجَافِينَا",
                    "theme": "الغزل"
                },
                {
                    "text": "إِنِّي ذَكَرْتُكِ بِالزَّهْرَاءِ مُشْتَاقًا *** وَالأُفْقُ طَلْقٌ وَمَرْأَى الأَرْضِ قَدْ رَاقَا",
                    "theme": "الغزل"
                }
            ]
        },
        {
            "name": "ابن خفاجة",
            "era": "العصر الأندلسي",
            "poems": [
                {
                    "text": "وَأَرْعَنَ طَمَّاحِ الذُّؤَابَةِ بَاذِخٍ *** يُطَاوِلُ أَعْنَانَ السَّمَاءِ بِغَارِبِ",
                    "theme": "وصف الطبيعة"
                },
                {
                    "text": "وَمَاءٍ كَصَفْحَةِ المِرْآةِ رَقَّتْ *** حَوَاشِيهِ وَرَقَّ حَتَّى كَادَ يَخْفَى",
                    "theme": "وصف الطبيعة"
                }
            ]
        },
        {
            "name": "أحمد شوقي",
            "era": "العصر الحديث",
            "poems": [
                {
                    "text": "وَطَنِي لَوْ شُغِلْتُ بِالخُلْدِ عَنْهُ *** نَازَعَتْنِي إِلَيْهِ فِي الخُلْدِ نَفْسِي",
                    "theme": "الوطنية"
                },
                {
                    "text": "قُمْ لِلْمُعَلِّمِ وَفِّهِ التَّبْجِيلَا *** كَادَ المُعَلِّمُ أَنْ يَكُونَ رَسُولَا",
                    "theme": "المدح"
                }
            ]
        },
        {
            "name": "حافظ إبراهيم",
            "era": "العصر الحديث",
            "poems": [
                {
                    "text": "أَنَا البَحْرُ فِي أَحْشَائِهِ الدُّرُّ كَامِنٌ *** فَهَلْ سَأَلُوا الغَوَّاصَ عَنْ صَدَفَاتِي",
                    "theme": "اللغة العربية"
                },
                {
                    "text": "رَجَعْتُ لِنَفْسِي فَاتَّهَمْتُ حَصَاتِي *** وَنَادَيْتُ قَوْمِي فَاحْتَسَبْتُ حَيَاتِي",
                    "theme": "الوطنية"
                }
            ]
        },
        {
            "name": "نزار قباني",
            "era": "العصر المعاصر",
            "poems": [
                {
                    "text": "أَحِبُّكِ جِدًّا وَأَعْرِفُ أَنِّي *** أُعَانِي الكَثِيرَ لِأَنِّي أُحِبُّكْ",
                    "theme": "الغزل"
                },
                {
                    "text": "عَيْنَاكِ غَابَتَا نَخِيلٍ سَاعَةَ السَّحَرْ *** أَوْ شُرْفَتَانِ رَاحَ يَنْأَى عَنْهُمَا القَمَرْ",
                    "theme": "الغزل"
                }
            ]
        },
        {
            "name": "محمود درويش",
            "era": "العصر المعاصر",
            "poems": [
                {
                    "text": "عَلَى هَذِهِ الأَرْضِ مَا يَسْتَحِقُّ الحَيَاةْ *** عَلَى هَذِهِ الأَرْضِ سَيِّدَةُ الأَرْضِ، أُمُّ البِدَايَاتِ، أُمُّ النِّهَايَاتْ",
                    "theme": "الوطنية"
                },
                {
                    "text": "سَجِّلْ أَنَا عَرَبِيْ *** وَرَقَمُ بِطَاقَتِي خَمْسُونَ أَلْفْ",
                    "theme": "الهوية"
                }
            ]
        }
    ]
}
