{
    "poets": [
        {
            "name": "الشنفرى",
            "era": "العصر الجاهلي",
            "poems": [
                {
                    "text": "أَقِيمُوا بَنِي أُمِّي صُدُورَ مَطِيِّكُمْ *** فَإِنِّي إِلَى قَوْمٍ سِوَاكُمْ لَأَمْيَلُ",
                    "theme": "الصعلكة"
                },
                {
                    "text": "وَلِي دُونَكُمْ أَهْلُونَ: سِيدٌ عَمَلَّسٌ *** وَأَرْقَطُ زُهْلُولٌ وَعَرْفَاءُ جَيْأَلُ",
                    "theme": "الفخر"
                }
            ]
        },
        {
            "name": "تأبط شراً",
            "era": "العصر الجاهلي",
            "poems": [
                {
                    "text": "إِنَّ بِالشِّعْبِ الَّذِي دُونَ سَلْعٍ *** لَقَتِيلًا دَمُهُ مَا يُطَلُّ",
                    "theme": "الثأر"
                },
                {
                    "text": "خَلَعْتُ عِذَارِي وَاتَّبَعْتُ الهَوَى *** وَأَعْرَضْتُ عَنْ قَوْلِ العَوَاذِلِ جَانِبَا",
                    "theme": "الصعلكة"
                }
            ]
        },
        {
            "name": "عروة بن الورد",
            "era": "العصر الجاهلي",
            "poems": [
                {
                    "text": "إِذَا المَرْءُ لَمْ يَطْلُبْ مَعَاشًا لِنَفْسِهِ *** شَكَا الفَقْرَ أَوْ لَامَ الصَّدِيقَ فَأَكْثَرَا",
                    "theme": "الحكمة"
                },
                {
                    "text": "أُقَسِّمُ جِسْمِي فِي جُسُومٍ كَثِيرَةٍ *** وَأَحْسُو قَرَاحَ المَاءِ وَالمَاءُ بَارِدُ",
                    "theme": "الكرم"
                }
            ]
        },
        {
            "name": "عبيد بن الأبرص",
            "era": "العصر الجاهلي",
            "poems": [
                {
                    "text": "أَقْفَرَ مِنْ أَهْلِهِ مَلْحُوبُ *** فَالقُطَبِيَّاتُ فَالذَّنُوبُ",
                    "theme": "الطلل"
                },
                {
                    "text": "كُلُّ ذِي نِعْمَةٍ سَيَبْلَى نَعِيمُهُ *** وَيَعُودُ كَمَا بَدَا مَعْدُومًا",
                    "theme": "الحكمة"
                }
            ]
        },
        {
            "name": "علقمة الفحل",
            "era": "العصر الجاهلي",
            "poems": [
                {
                    "text": "ذَهَبْتَ مِنَ الهِجْرَانِ فِي غَيْرِ مَذْهَبِ *** وَلَيْسَ سُؤَالِي: أَيْنَ أَيْنَ المَذْهَبُ",
                    "theme": "الغزل"
                },
                {
                    "text": "طَحَا بِكَ قَلْبٌ فِي الحِسَانِ طَرُوبُ *** بُعَيْدَ الشَّبَابِ عَصْرَ حَانَ مَشِيبُ",
                    "theme": "الغزل"
                }
            ]
        },
        {
            "name": "الحارث بن حلزة",
            "era": "العصر الجاهلي",
            "poems": [
                {
                    "text": "آذَنَتْنَا بِبَيْنِهَا أَسْمَاءُ *** رُبَّ ثَاوٍ يُمَلُّ مِنْهُ الثَّوَاءُ",
                    "theme": "الطلل"
                },
                {
                    "text": "إِنَّا أَبَيْنَا وَأَبَتْ أَخْلَاقُنَا *** أَنْ نُدْخِلَ الذُّلَّ عَلَى أَحْسَابِنَا",
                    "theme": "الفخر"
                }
            ]
        },
        {
            "name": "عمرو بن كلثوم",
            "era": "العصر الجاهلي",
            "poems": [
                {
                    "text": "أَلَا هُبِّي بِصَحْنِكِ فَاصْبَحِينَا *** وَلَا تُبْقِي خُمُورَ الأَنْدَرِينَا",
                    "theme": "الخمريات"
                },
                {
                    "text": "إِذَا بَلَغَ الفِطَامَ لَنَا صَبِيٌّ *** تَخِرُّ لَهُ الجَبَابِرُ سَاجِدِينَا",
                    "theme": "الفخر"
                }
            ]
        },
        {
            "name": "الأعشى",
            "era": "العصر الجاهلي",
            "poems": [
                {
                    "text": "وَدِّعْ هُرَيْرَةَ إِنَّ الرَّكْبَ مُرْتَحِلُ *** وَهَلْ تُطِيقُ وَدَاعًا أَيُّهَا الرَّجُلُ",
                    "theme": "الغزل"
                },
                {
                    "text": "غَرَّاءُ فَرْعَاءُ مَصْقُولٌ عَوَارِضُهَا *** تَمْشِي الهُوَيْنَا كَمَا يَمْشِي الوَجِي الوَحِلُ",
                    "theme": "الغزل"
                }
            ]
        },
        {
            "name": "عبد الله بن رواحة",
            "era": "عصر صدر الإسلام",
            "poems": [
                {
                    "text": "شَهِدْتُ بِأَنَّ وَعْدَ اللهِ حَقٌّ *** وَأَنَّ النَّارَ مَثْوَى الكَافِرِينَا",
                    "theme": "الإيمان"
                },
                {
                    "text": "نَحْنُ ضَرَبْنَاكُمْ عَلَى تَنْزِيلِهِ *** كَمَا ضَرَبْنَاكُمْ عَلَى تَأْوِيلِهِ",
                    "theme": "الجهاد"
                }
            ]
        },
        {
            "name": "الخنساء",
            "era": "عصر صدر الإسلام",
            "poems": [
                {
                    "text": "يُذَكِّرُنِي طُلُوعُ الشَّمْسِ صَخْرًا *** وَأَذْكُرُهُ لِكُلِّ غُرُوبِ شَمْسِ",
                    "theme": "الرثاء"
                },
                {
                    "text": "أَلا يَا صَخْرُ إِنْ أَبْكِيكَ حَتَّى *** أَرَى الدَّمْعَ المُحَدَّرَ قَدْ تَوَلَّى",
                    "theme": "الرثاء"
                }
            ]
        },
        {
            "name": "الأخطل",
            "era": "العصر الأموي",
            "poems": [
                {
                    "text": "ذَهَبَ الشَّبَابُ فَمَا لَهُ مِنْ عَوْدَةٍ *** وَأَتَى المَشِيبُ فَأَيَّ حِينٍ مَطْلَبُ",
                    "theme": "الحكمة"
                },
                {
                    "text": "إِنَّ الثَّمَانِينَ وَبُلِّغْتَهَا *** قَدْ أَحْوَجَتْ سَمْعِي إِلَى تَرْجُمَانِ",
                    "theme": "الشيب"
                }
            ]
        },
        {
            "name": "الراعي النميري",
            "era": "العصر الأموي",
            "poems": [
                {
                    "text": "أَلَا حَيِّ الدِّيَارَ دِيَارَ لَيْلَى *** بِذَاتِ الطَّلْحِ مِنْ ذَاتِ الجَوَاءِ",
                    "theme": "الغزل"
                },
                {
                    "text": "وَمَا أَنَا بِالبَاكِي عَلَى الدَّارِ بَعْدَمَا *** تَبَدَّلَ مِنْهَا أَهْلُهَا وَرُسُومُهَا",
                    "theme": "الطلل"
                }
            ]
        },
        {
            "name": "ذو الرمة",
            "era": "العصر الأموي",
            "poems": [
                {
                    "text": "أَمِنْ آلِ مَيٍّ عَرْفَتَ الطَّلَلْ *** بِحَوْمَانَةِ الدَّرَّاجِ فَالمُتَثَلَّمِ",
                    "theme": "الطلل"
                },
                {
                    "text": "وَمَا بَالُ عَيْنِي كُلَّمَا ذَرَّ شَارِقٌ *** مِنَ الصُّبْحِ أَوْ هَبَّتْ لَهُ الرِّيحُ تَدْمَعُ",
                    "theme": "الغزل"
                }
            ]
        },
        {
            "name": "جرير",
            "era": "العصر الأموي",
            "poems": [
                {
                    "text": "إِنَّ العُيُونَ الَّتِي فِي طَرْفِهَا حَوَرٌ *** قَتَلْنَنَا ثُمَّ لَمْ يُحْيِينَ قَتْلانَا",
                    "theme": "الغزل"
                },
                {
                    "text": "أَلَسْتُمْ خَيْرَ مَنْ رَكِبَ المَطَايَا *** وَأَنْدَى العَالَمِينَ بُطُونَ رَاحِ",
                    "theme": "المدح"
                }
            ]
        },
        {
            "name": "الفرزدق",
            "era": "العصر الأموي",
            "poems": [
                {
                    "text": "هَذَا الَّذِي تَعْرِفُ البَطْحَاءُ وَطْأَتَهُ *** وَالبَيْتُ يَعْرِفُهُ وَالحِلُّ وَالحَرَمُ",
                    "theme": "المدح"
                },
                {
                    "text": "إِنَّ الَّذِي سَمَكَ السَّمَاءَ بَنَى لَنَا *** بَيْتًا دَعَائِمُهُ أَعَزُّ وَأَطْوَلُ",
                    "theme": "الفخر"
                }
            ]
        },
        {
            "name": "بشار بن برد",
            "era": "العصر العباسي",
            "poems": [
                {
                    "text": "إِذَا كُنْتَ فِي كُلِّ الأُمُورِ مُعَاتِبًا *** صَدِيقَكَ لَمْ تَلْقَ الَّذِي لَا تُعَاتِبُهْ",
                    "theme": "الحكمة"
                },
                {
                    "text": "عَلِّلَانِي فَإِنَّ العَلَّ نَفْعٌ *** وَاسْقِيَانِي فَإِنَّ الهَمَّ نَصْبُ",
                    "theme": "الخمريات"
                }
            ]
        },
        {
            "name": "أبو العتاهية",
            "era": "العصر العباسي",
            "poems": [
                {
                    "text": "دَعِ الحِرْصَ عَلَى الدُّنْيَا فَإِنَّكَ فَانِ *** وَكُنْ مُتَرَقِّبًا لِلْمَوْتِ فِي كُلِّ آنِ",
                    "theme": "الزهد"
                },
                {
                    "text": "مَنْ رَاقَبَ اللهَ فِي الأُمُورِ نَجَا *** وَمَنْ تَقَاهُ فَلَنْ يَخِيبَ أَبَدَا",
                    "theme": "الزهد"
                }
            ]
        },
        {
            "name": "دعبل الخزاعي",
            "era": "العصر العباسي",
            "poems": [
                {
                    "text": "مَدَارِسُ آيَاتٍ خَلَتْ مِنْ تِلَاوَةٍ *** وَمَنْزِلُ وَحْيٍ مُقْفِرُ العَرَصَاتِ",
                    "theme": "الرثاء"
                },
                {
                    "text": "أَرَى فَيْئَهُمْ فِي غَيْرِهِمْ مُتَقَسِّمًا *** وَأَيْدِيهِمْ مِنْ فَيْئِهِمْ صِفْرَاتِ",
                    "theme": "السياسة"
                }
            ]
        },
        {
            "name": "ابن الرومي",
            "era": "العصر العباسي",
            "poems": [
                {
                    "text": "وَلِي وَطَنٌ آلَيْتُ أَلَّا أَبِيعَهُ *** وَأَلَّا أَرَى غَيْرِي لَهُ الدَّهْرَ مَالِكَا",
                    "theme": "الوطنية"
                },
                {
                    "text": "وَحَبَّبَ أَوْطَانَ الرِّجَالِ إِلَيْهِمُ *** مَآرِبُ قَضَّاهَا الشَّبَابُ هُنَالِكَا",
                    "theme": "الوطنية"
                }
            ]
        },
        {
            "name": "ابن حمديس الصقلي",
            "era": "العصر الأندلسي",
            "poems": [
                {
                    "text": "سَقَى اللهُ أَرْضًا حَلَّ فِيهَا أَحِبَّتِي *** وَإِنْ كَانَ لَا يَسْقِي بِهَا لِيَ مَضْجَعَا",
                    "theme": "الحنين"
                },
                {
                    "text": "وَلَمَّا رَأَيْتُ البَحْرَ أَرْخَى سُدُولَهُ *** وَمَدَّ عَلَى وَجْهِ الفَضَاءِ ذُيُولَهُ",
                    "theme": "وصف الطبيعة"
                }
            ]
        },
        {
            "name": "ابن خفاجة",
            "era": "العصر الأندلسي",
            "poems": [
                {
                    "text": "وَأَرْعَنَ طَمَّاحِ الذُّؤَابَةِ بَاذِخٍ *** يُطَاوِلُ أَعْنَانَ السَّمَاءِ بِغَارِبِ",
                    "theme": "وصف الطبيعة"
                },
                {
                    "text": "وَمَاءٍ كَصَفْحَةِ المِرْآةِ رَقَّتْ *** حَوَاشِيهِ وَرَقَّ حَتَّى كَادَ يَخْفَى",
                    "theme": "وصف الطبيعة"
                }
            ]
        }
    ]
}
