{
    "poets": [
        {
            "name": "قيس بن الملوح (مجنون ليلى)",
            "era": "العصر الأموي",
            "poems": [
                {
                    "text": "وَإِنِّي لَتَعْرُونِي لِذِكْرَاكِ هِزَّةٌ *** كَمَا انْتَفَضَ العُصْفُورُ بَلَّلَهُ القَطْرُ",
                    "theme": "الغزل"
                },
                {
                    "text": "أَمُرُّ عَلَى الدِّيَارِ دِيَارِ لَيْلَى *** أُقَبِّلُ ذَا الجِدَارَ وَذَا الجِدَارَا",
                    "theme": "الغزل"
                }
            ]
        },
        {
            "name": "جميل بثينة",
            "era": "العصر الأموي",
            "poems": [
                {
                    "text": "أَلَا لَيْتَ شِعْرِي هَلْ أَبِيتَنَّ لَيْلَةً *** بِوَادِي القُرَى إِنِّي إِذَنْ لَسَعِيدُ",
                    "theme": "الغزل"
                },
                {
                    "text": "وَإِنِّي لَأَسْتَحْيِي مِنَ اللهِ أَنْ أَرَى *** خَلِيلًا وَلَمْ أَحْفَظْ لَهُ مَا يَوَدُّنِي",
                    "theme": "الصداقة"
                }
            ]
        },
        {
            "name": "كثيّر عزة",
            "era": "العصر الأموي",
            "poems": [
                {
                    "text": "إِذَا مَا أَتَيْتُ الحَيَّ أَلْقَى عَزِيزَةً *** تَصُدُّ وَتُبْدِي عَنْ أَغَرَّ وَتَبْسِمُ",
                    "theme": "الغزل"
                },
                {
                    "text": "أُرِيدُ لِأَنْسَى ذِكْرَهَا فَكَأَنَّمَا *** تُمَثَّلُ لِي لَيْلَى بِكُلِّ سَبِيلِ",
                    "theme": "الغزل"
                }
            ]
        },
        {
            "name": "ابن المعتز",
            "era": "العصر العباسي",
            "poems": [
                {
                    "text": "كَأَنَّ الثُّرَيَّا فِي السَّمَاءِ تَعَلَّقَتْ *** بِأَغْصَانِ دُرٍّ أَوْ بِعُنْقُودِ كَرْمِ",
                    "theme": "وصف الطبيعة"
                },
                {
                    "text": "وَلَيْلٍ كَأَنَّ النُّجُومَ بِهِ *** عُيُونُ الجَوَارِي تَرْنُو إِلَيَّا",
                    "theme": "وصف الطبيعة"
                }
            ]
        },
        {
            "name": "ابن هانئ الأندلسي",
            "era": "العصر الأندلسي",
            "poems": [
                {
                    "text": "مَا شِئْتَ لَا مَا شَاءَتِ الأَقْدَارُ *** فَاحْكُمْ فَأَنْتَ الوَاحِدُ القَهَّارُ",
                    "theme": "المدح"
                },
                {
                    "text": "وَكَأَنَّ الشَّمْسَ تَجْرِي فِي سَمَاءٍ *** مِنْ نُضَارٍ فِي مَجَرَّةٍ عَقِيقِ",
                    "theme": "وصف الطبيعة"
                }
            ]
        },
        {
            "name": "ابن دراج القسطلي",
            "era": "العصر الأندلسي",
            "poems": [
                {
                    "text": "أَفِي الحَقِّ أَنْ أَرْعَى النُّجُومَ سَوَاهِرًا *** وَتَرْقُدُ عَيْنِي وَهْيَ عَنِّي نَوَائِمُ",
                    "theme": "الغربة"
                },
                {
                    "text": "وَلَمَّا رَأَيْتُ الدَّهْرَ يَعْثُرُ بِالفَتَى *** وَيَنْهَضُ بِالشَّيْخِ الضَّعِيفِ المُهَدَّمِ",
                    "theme": "الحكمة"
                }
            ]
        },
        {
            "name": "ابن سهل الأندلسي",
            "era": "العصر الأندلسي",
            "poems": [
                {
                    "text": "هَلْ دَرَى ظَبْيُ الحِمَى أَنَّ حُشَاشَتِي *** مِنْ جَوَاهُ يَوْمَ بَانُوا تَلَفُ",
                    "theme": "الغزل"
                },
                {
                    "text": "مَا لِلْمُدَامِ وَلِلْمُدَامِ وَإِنَّمَا *** سُمِّيَتْ لِأَنَّ الرَّاحَ رَاحَةُ شَارِبِ",
                    "theme": "الخمريات"
                }
            ]
        },
        {
            "name": "ابن زمرك",
            "era": "العصر الأندلسي",
            "poems": [
                {
                    "text": "يَا مَنْ أَتَى بِالجَمَالِ مُعْتَرِفًا *** وَجَاءَ بِالحُسْنِ وَهْوَ مُعْتَذِرُ",
                    "theme": "الغزل"
                },
                {
                    "text": "لَا غَرْوَ أَنْ سَكَنَ الزَّمَانُ بِرَبْعِهِمْ *** فَالدَّهْرُ يَسْكُنُ حَيْثُ تَسْكُنُ أَنْجُمُهْ",
                    "theme": "المدح"
                }
            ]
        },
        {
            "name": "ابن زيدون",
            "era": "العصر الأندلسي",
            "poems": [
                {
                    "text": "أَضْحَى التَّنَائِي بَدِيلًا مِنْ تَدَانِينَا *** وَنَابَ عَنْ طِيبِ لُقْيَانَا تَجَافِينَا",
                    "theme": "الغزل"
                },
                {
                    "text": "إِنِّي ذَكَرْتُكِ بِالزَّهْرَاءِ مُشْتَاقًا *** وَالأُفْقُ طَلْقٌ وَمَرْأَى الأَرْضِ قَدْ رَاقَا",
                    "theme": "الغزل"
                }
            ]
        },
        {
            "name": "ابن خفاجة",
            "era": "العصر الأندلسي",
            "poems": [
                {
                    "text": "وَأَرْعَنَ طَمَّاحِ الذُّؤَابَةِ بَاذِخٍ *** يُطَاوِلُ أَعْنَانَ السَّمَاءِ بِغَارِبِ",
                    "theme": "وصف الطبيعة"
                },
                {
                    "text": "وَمَاءٍ كَصَفْحَةِ المِرْآةِ رَقَّتْ *** حَوَاشِيهِ وَرَقَّ حَتَّى كَادَ يَخْفَى",
                    "theme": "وصف الطبيعة"
                }
            ]
        },
        {
            "name": "المعتمد بن عباد",
            "era": "العصر الأندلسي",
            "poems": [
                {
                    "text": "فِيمَا مَضَى كُنْتَ بِالأَعْيَادِ مَسْرُورًا *** فَسَاءَكَ العِيدُ فِي أَغْمَاتَ مَأْسُورًا",
                    "theme": "الرثاء"
                },
                {
                    "text": "دَهْرٌ رَمَانِي بِسَهْمَيْهِ فَأَقْصَدَنِي *** وَكَانَ لِي أَمَلٌ فِي العَيْشِ مُمْتَدُّ",
                    "theme": "الشكوى"
                }
            ]
        },
        {
            "name": "أحمد شوقي",
            "era": "العصر الحديث",
            "poems": [
                {
                    "text": "وَطَنِي لَوْ شُغِلْتُ بِالخُلْدِ عَنْهُ *** نَازَعَتْنِي إِلَيْهِ فِي الخُلْدِ نَفْسِي",
                    "theme": "الوطنية"
                },
                {
                    "text": "قُمْ لِلْمُعَلِّمِ وَفِّهِ التَّبْجِيلَا *** كَادَ المُعَلِّمُ أَنْ يَكُونَ رَسُولَا",
                    "theme": "المدح"
                }
            ]
        },
        {
            "name": "حافظ إبراهيم",
            "era": "العصر الحديث",
            "poems": [
                {
                    "text": "أَنَا البَحْرُ فِي أَحْشَائِهِ الدُّرُّ كَامِنٌ *** فَهَلْ سَأَلُوا الغَوَّاصَ عَنْ صَدَفَاتِي",
                    "theme": "اللغة العربية"
                },
                {
                    "text": "رَجَعْتُ لِنَفْسِي فَاتَّهَمْتُ حَصَاتِي *** وَنَادَيْتُ قَوْمِي فَاحْتَسَبْتُ حَيَاتِي",
                    "theme": "الوطنية"
                }
            ]
        },
        {
            "name": "خليل مطران",
            "era": "العصر الحديث",
            "poems": [
                {
                    "text": "يَا لَلْغُرُوبِ وَمَا بِهِ مِنْ عِبْرَةٍ *** لِلْمُسْتَهَامِ وَعِبْرَةٍ لِلْمُغْرَمِ",
                    "theme": "وصف الطبيعة"
                },
                {
                    "text": "إِنِّي أَقَمْتُ عَلَى التَّعِلَّةِ بِالمُنَى *** حَتَّى قَضَيْتُ صَبَابَةً وَغَرَامَا",
                    "theme": "الغزل"
                }
            ]
        },
        {
            "name": "معروف الرصافي",
            "era": "العصر الحديث",
            "poems": [
                {
                    "text": "أَلَا فِي سَبِيلِ المَجْدِ مَا أَنَا فَاعِلُ *** وَمَا ضَرَّنِي أَنِّي بِمَجْدِي أُقَاتِلُ",
                    "theme": "الوطنية"
                },
                {
                    "text": "أَنَامُ مِلْءَ جُفُونِي عَنْ شَوَارِدِهَا *** وَيَسْهَرُ الخَلْقُ جَرَّاهَا وَيَخْتَصِمُ",
                    "theme": "الفخر"
                }
            ]
        },
        {
            "name": "جميل صدقي الزهاوي",
            "era": "العصر الحديث",
            "poems": [
                {
                    "text": "وَلَسْتُ أَرَى السَّعَادَةَ جَمْعَ مَالٍ *** وَلَكِنَّ التَّقِيَّ هُوَ السَّعِيدُ",
                    "theme": "الحكمة"
                },
                {
                    "text": "وَمَا المَرْءُ إِلَّا حَيْثُ يَجْعَلُ نَفْسَهُ *** وَفِي نَفْسِهِ إِمَّا مَهَانَةٌ أَوْ تَكَرُّمُ",
                    "theme": "الحكمة"
                }
            ]
        },
        {
            "name": "إلياس أبو شبكة",
            "era": "العصر الحديث",
            "poems": [
                {
                    "text": "أَنَا الشَّاعِرُ المَجْهُولُ فِي عَالَمِ الدُّجَى *** أُغَنِّي وَلَا أَدْرِي لِمَنْ أَنَا أُغَنِّي",
                    "theme": "الذات"
                },
                {
                    "text": "وَأَنْتِ الَّتِي أَحْبَبْتُ مِنْ قَبْلِ أَنْ أَرَى *** وَجُودًا وَمِنْ بَعْدِ الوُجُودِ سَأُحِبُّ",
                    "theme": "الغزل"
                }
            ]
        },
        {
            "name": "بدر شاكر السياب",
            "era": "العصر المعاصر",
            "poems": [
                {
                    "text": "أَكَادُ أَسْمَعُ العِرَاقَ يَذْخَرُ الرُّعُودَ *** وَيَخْزِنُ البُرُوقَ فِي السُّهُولِ وَالجِبَالِ",
                    "theme": "الوطنية"
                },
                {
                    "text": "غَرِيبٌ عَلَى الخَلِيجِ تَعْصِفُ الرِّيحُ *** هَبَاءً تَذْرُوهُ عَلَى السَّوَاحِلِ",
                    "theme": "الغربة"
                }
            ]
        },
        {
            "name": "نزار قباني",
            "era": "العصر المعاصر",
            "poems": [
                {
                    "text": "أَحِبُّكِ جِدًّا وَأَعْرِفُ أَنِّي *** أُعَانِي الكَثِيرَ لِأَنِّي أُحِبُّكْ",
                    "theme": "الغزل"
                },
                {
                    "text": "عَيْنَاكِ غَابَتَا نَخِيلٍ سَاعَةَ السَّحَرْ *** أَوْ شُرْفَتَانِ رَاحَ يَنْأَى عَنْهُمَا القَمَرْ",
                    "theme": "الغزل"
                }
            ]
        },
        {
            "name": "محمود درويش",
            "era": "العصر المعاصر",
            "poems": [
                {
                    "text": "عَلَى هَذِهِ الأَرْضِ مَا يَسْتَحِقُّ الحَيَاةْ *** عَلَى هَذِهِ الأَرْضِ سَيِّدَةُ الأَرْضِ، أُمُّ البِدَايَاتِ، أُمُّ النِّهَايَاتْ",
                    "theme": "الوطنية"
                },
                {
                    "text": "سَجِّلْ أَنَا عَرَبِيْ *** وَرَقَمُ بِطَاقَتِي خَمْسُونَ أَلْفْ",
                    "theme": "الهوية"
                }
            ]
        }
    ]
}
