{
    "poets": [
        {
            "name": "محمد مهدي الجواهري",
            "era": "العصر الحديث",
            "poems": [
                {
                    "text": "أَنَامُ مِلْءَ جُفُونِي عَنْ شَوَارِدِهَا *** وَيَسْهَرُ الخَلْقُ جَرَّاهَا وَيَخْتَصِمُ",
                    "theme": "الفخر"
                },
                {
                    "text": "بَغْدَادُ دَاءٌ وَدَاءٌ أَنْ تُفَارِقَهَا *** كَالطِّفْلِ بَيْنَ مَسَاءَاتِ الطَّبِيبَيْنِ",
                    "theme": "الوطنية"
                }
            ]
        },
        {
            "name": "أحمد رامي",
            "era": "العصر الحديث",
            "poems": [
                {
                    "text": "يَا لَيْلَةً مِنْ عُمْرِ الزَّمَانِ *** أَنْسَتْنِي آلَامَ الزَّمَانِ",
                    "theme": "الغزل"
                },
                {
                    "text": "أَرَاكَ عَصِيَّ الدَّمْعِ شِيمَتُكَ الصَّبْرُ *** أَمَا لِلْهَوَى نَهْيٌ عَلَيْكَ وَلَا أَمْرُ",
                    "theme": "الغزل"
                }
            ]
        },
        {
            "name": "عمر أبو ريشة",
            "era": "العصر الحديث",
            "poems": [
                {
                    "text": "وَطَنِي لَوْ شُغِلْتُ بِالخُلْدِ عَنْهُ *** نَازَعَتْنِي إِلَيْهِ فِي الخُلْدِ نَفْسِي",
                    "theme": "الوطنية"
                },
                {
                    "text": "أَنَا إِنْ قُدِّرَ الإِلَهُ مَمَاتِي *** لَا تَرَى الشَّرْقُ فِي جَبِينِي انْحِنَاءً",
                    "theme": "الفخر"
                }
            ]
        },
        {
            "name": "صلاح عبد الصبور",
            "era": "العصر المعاصر",
            "poems": [
                {
                    "text": "أَنَا الَّذِي نَظَرَ الأَعْمَى إِلَى أَدَبِي *** وَأَسْمَعَتْ كَلِمَاتِي مَنْ بِهِ صَمَمُ",
                    "theme": "الفخر"
                },
                {
                    "text": "أَنَا لَا أَعْرِفُ الطَّرِيقَ إِلَى الكُهُوفِ *** وَلَا أُحِبُّ الغُرُوبَ فِي الصَّحْرَاءِ",
                    "theme": "الذات"
                }
            ]
        },
        {
            "name": "أحمد عبد المعطي حجازي",
            "era": "العصر المعاصر",
            "poems": [
                {
                    "text": "مَدِينَتِي تَنْأَى، وَأَقْتَرِبُ *** وَالبَحْرُ بَيْنِي وَبَيْنَهَا يَضْطَرِبُ",
                    "theme": "الحنين"
                },
                {
                    "text": "أَنَا لَا أُرِيدُ، وَلَا أَسْتَطِيعُ أَنْ أَكُونَ *** إِلَّا كَمَا أَنَا، إِنْسَانًا حَزِينًا",
                    "theme": "الذات"
                }
            ]
        },
        {
            "name": "سميح القاسم",
            "era": "العصر المعاصر",
            "poems": [
                {
                    "text": "سَأَبْقَى فِي فِلَسْطِينَ الشَّقِيَّةِ *** سَأَبْقَى فِي فِلَسْطِينَ الأَبِيَّةِ",
                    "theme": "الوطنية"
                },
                {
                    "text": "أَنَا لَا أَكْرَهُ النَّاسَ *** وَلَا أَسْطُو عَلَى أَحَدٍ",
                    "theme": "الإنسانية"
                }
            ]
        },
        {
            "name": "أدونيس",
            "era": "العصر المعاصر",
            "poems": [
                {
                    "text": "هَذَا هُوَ اسْمِي *** وَأَنَا أَبْحَثُ عَنْ جَسَدٍ يَحْمِلُهُ",
                    "theme": "الهوية"
                },
                {
                    "text": "أَيُّهَا الشِّعْرُ أَنْتَ لِي وَطَنٌ *** وَأَنَا فِيكَ لَاجِئٌ وَغَرِيبُ",
                    "theme": "الشعر"
                }
            ]
        },
        {
            "name": "غازي القصيبي",
            "era": "العصر المعاصر",
            "poems": [
                {
                    "text": "أَحِبُّكِ رَغْمَ الحُزْنِ فِي مُقْلَتَيْكِ *** وَرَغْمَ انْكِسَارِ الصَّوْتِ فِي شَفَتَيْكِ",
                    "theme": "الغزل"
                },
                {
                    "text": "أَنَا لَا أُبَالِي بِالَّذِي قَدْ أَصَابَنِي *** فَإِنَّ جِرَاحَ الحُرِّ تُنْبِتُ مَجْدَهُ",
                    "theme": "الفخر"
                }
            ]
        },
        {
            "name": "مظفر النواب",
            "era": "العصر المعاصر",
            "poems": [
                {
                    "text": "وَطَنِي لَيْسَ حَقِيبَةً *** وَأَنَا لَسْتُ مُسَافِرًا",
                    "theme": "الوطنية"
                },
                {
                    "text": "أَنَا مِنْ سُلَالَةِ الفُقَرَاءِ المُتْعَبِينَ *** وَلَكِنِّي أَمْلِكُ كُلَّ كُنُوزِ الدُّنْيَا",
                    "theme": "الفخر"
                }
            ]
        },
        {
            "name": "أمل دنقل",
            "era": "العصر المعاصر",
            "poems": [
                {
                    "text": "لَا تُصَالِحْ وَلَوْ مَنَحُوكَ الذَّهَبْ *** أَتَرَى حِينَ أَفْقَأُ عَيْنَيْكَ ثُمَّ أَثْبِتُ جَوْهَرَتَيْنِ مَكَانَهُمَا",
                    "theme": "الرفض"
                },
                {
                    "text": "كَانَ يَمْشِي بِخُطْوَةٍ وَاثِقَةْ *** وَيَقُولُ كَلَامًا عَنْ حُبِّهِ لِلْوَطَنْ",
                    "theme": "السياسة"
                }
            ]
        },
        {
            "name": "أبو القاسم الشابي",
            "era": "العصر الحديث",
            "poems": [
                {
                    "text": "إِذَا الشَّعْبُ يَوْمًا أَرَادَ الحَيَاةَ *** فَلَا بُدَّ أَنْ يَسْتَجِيبَ القَدَرْ",
                    "theme": "الوطنية"
                },
                {
                    "text": "سَأَعِيشُ رَغْمَ الدَّاءِ وَالأَعْدَاءِ *** كَالنَّسْرِ فَوْقَ القِمَّةِ الشَّمَّاءِ",
                    "theme": "التحدي"
                }
            ]
        },
        {
            "name": "إيليا أبو ماضي",
            "era": "العصر الحديث",
            "poems": [
                {
                    "text": "أَيُّهَا الشَّاكِي وَمَا بِكَ دَاءٌ *** كُنْ جَمِيلًا تَرَى الوُجُودَ جَمِيلَا",
                    "theme": "التفاؤل"
                },
                {
                    "text": "هَذِهِ الأَرْضُ كَالحَدِيقَةِ فِيهَا *** وَرْدُ خَدٍّ وَآسُ عَارِضِ خَالِ",
                    "theme": "وصف الطبيعة"
                }
            ]
        },
        {
            "name": "خليل مطران",
            "era": "العصر الحديث",
            "poems": [
                {
                    "text": "يَا لَلْغُرُوبِ وَمَا بِهِ مِنْ عِبْرَةٍ *** لِلْمُسْتَهَامِ وَعِبْرَةٍ لِلْمُغْرَمِ",
                    "theme": "وصف الطبيعة"
                },
                {
                    "text": "إِنِّي أَقَمْتُ عَلَى التَّعِلَّةِ بِالمُنَى *** حَتَّى قَضَيْتُ صَبَابَةً وَغَرَامَا",
                    "theme": "الغزل"
                }
            ]
        },
        {
            "name": "معروف الرصافي",
            "era": "العصر الحديث",
            "poems": [
                {
                    "text": "أَلَا فِي سَبِيلِ المَجْدِ مَا أَنَا فَاعِلُ *** وَمَا ضَرَّنِي أَنِّي بِمَجْدِي أُقَاتِلُ",
                    "theme": "الوطنية"
                },
                {
                    "text": "أَنَامُ مِلْءَ جُفُونِي عَنْ شَوَارِدِهَا *** وَيَسْهَرُ الخَلْقُ جَرَّاهَا وَيَخْتَصِمُ",
                    "theme": "الفخر"
                }
            ]
        },
        {
            "name": "جميل صدقي الزهاوي",
            "era": "العصر الحديث",
            "poems": [
                {
                    "text": "وَلَسْتُ أَرَى السَّعَادَةَ جَمْعَ مَالٍ *** وَلَكِنَّ التَّقِيَّ هُوَ السَّعِيدُ",
                    "theme": "الحكمة"
                },
                {
                    "text": "وَمَا المَرْءُ إِلَّا حَيْثُ يَجْعَلُ نَفْسَهُ *** وَفِي نَفْسِهِ إِمَّا مَهَانَةٌ أَوْ تَكَرُّمُ",
                    "theme": "الحكمة"
                }
            ]
        },
        {
            "name": "إلياس أبو شبكة",
            "era": "العصر الحديث",
            "poems": [
                {
                    "text": "أَنَا الشَّاعِرُ المَجْهُولُ فِي عَالَمِ الدُّجَى *** أُغَنِّي وَلَا أَدْرِي لِمَنْ أَنَا أُغَنِّي",
                    "theme": "الذات"
                },
                {
                    "text": "وَأَنْتِ الَّتِي أَحْبَبْتُ مِنْ قَبْلِ أَنْ أَرَى *** وَجُودًا وَمِنْ بَعْدِ الوُجُودِ سَأُحِبُّ",
                    "theme": "الغزل"
                }
            ]
        },
        {
            "name": "بدر شاكر السياب",
            "era": "العصر المعاصر",
            "poems": [
                {
                    "text": "أَكَادُ أَسْمَعُ العِرَاقَ يَذْخَرُ الرُّعُودَ *** وَيَخْزِنُ البُرُوقَ فِي السُّهُولِ وَالجِبَالِ",
                    "theme": "الوطنية"
                },
                {
                    "text": "غَرِيبٌ عَلَى الخَلِيجِ تَعْصِفُ الرِّيحُ *** هَبَاءً تَذْرُوهُ عَلَى السَّوَاحِلِ",
                    "theme": "الغربة"
                }
            ]
        },
        {
            "name": "نزار قباني",
            "era": "العصر المعاصر",
            "poems": [
                {
                    "text": "أَحِبُّكِ جِدًّا وَأَعْرِفُ أَنِّي *** أُعَانِي الكَثِيرَ لِأَنِّي أُحِبُّكْ",
                    "theme": "الغزل"
                },
                {
                    "text": "عَيْنَاكِ غَابَتَا نَخِيلٍ سَاعَةَ السَّحَرْ *** أَوْ شُرْفَتَانِ رَاحَ يَنْأَى عَنْهُمَا القَمَرْ",
                    "theme": "الغزل"
                }
            ]
        },
        {
            "name": "محمود درويش",
            "era": "العصر المعاصر",
            "poems": [
                {
                    "text": "عَلَى هَذِهِ الأَرْضِ مَا يَسْتَحِقُّ الحَيَاةْ *** عَلَى هَذِهِ الأَرْضِ سَيِّدَةُ الأَرْضِ، أُمُّ البِدَايَاتِ، أُمُّ النِّهَايَاتْ",
                    "theme": "الوطنية"
                },
                {
                    "text": "سَجِّلْ أَنَا عَرَبِيْ *** وَرَقَمُ بِطَاقَتِي خَمْسُونَ أَلْفْ",
                    "theme": "الهوية"
                }
            ]
        }
    ]
}
