{
    "poets": [
        {
            "name": "ابن الأبار",
            "era": "العصر الأندلسي",
            "poems": [
                {
                    "text": "أَدْرِكْ بِخَيْلِكَ خَيْلَ اللهِ أَنْدَلُسًا *** إِنَّ السَّبِيلَ إِلَى مَنْجَاتِهَا دَرَسَا",
                    "theme": "الاستغاثة"
                },
                {
                    "text": "وَلَمَّا رَأَيْتُ الدَّهْرَ يَعْثُرُ بِالفَتَى *** وَيَنْهَضُ بِالشَّيْخِ الضَّعِيفِ المُهَدَّمِ",
                    "theme": "الحكمة"
                }
            ]
        },
        {
            "name": "ابن شهيد الأندلسي",
            "era": "العصر الأندلسي",
            "poems": [
                {
                    "text": "أَلَا قُلْ لِمَنْ لَامَ فِي حُبِّهَا *** أَلَسْتَ تَرَى الشَّمْسَ تُعْبَدُ وَهْيَ بَعِيدَةٌ",
                    "theme": "الغزل"
                },
                {
                    "text": "وَمَا أَنَا إِلَّا كَالغَرِيقِ تَعَلَّقَتْ *** يَدَاهُ بِأَهْدَابِ الرَّجَاءِ مِنَ اليَأْسِ",
                    "theme": "الشكوى"
                }
            ]
        },
        {
            "name": "ابن عبدون",
            "era": "العصر الأندلسي",
            "poems": [
                {
                    "text": "الدَّهْرُ يَفْجَعُ بَعْدَ العَيْنِ بِالأَثَرِ *** فَمَا البُكَاءُ عَلَى الأَشْبَاحِ وَالصُّوَرِ",
                    "theme": "الرثاء"
                },
                {
                    "text": "لِكُلِّ شَيْءٍ إِذَا مَا تَمَّ نُقْصَانُ *** فَلَا يُغَرُّ بِطِيبِ العَيْشِ إِنْسَانُ",
                    "theme": "الحكمة"
                }
            ]
        },
        {
            "name": "ابن حزم الأندلسي",
            "era": "العصر الأندلسي",
            "poems": [
                {
                    "text": "إِذَا شِئْتَ أَنْ تَحْيَا سَلِيمًا مِنَ الأَذَى *** وَدِينُكَ مَوْفُورٌ وَعِرْضُكَ صَيِّنُ",
                    "theme": "الحكمة"
                },
                {
                    "text": "وَلَوْلَا اشْتِعَالُ النَّارِ فِيمَا جَاوَرَتْ *** مَا كَانَ يُعْرَفُ طِيبُ عَرْفِ العُودِ",
                    "theme": "الحكمة"
                }
            ]
        },
        {
            "name": "ابن بسام",
            "era": "العصر الأندلسي",
            "poems": [
                {
                    "text": "وَلَمَّا رَأَيْتُ الجَهْلَ فِي النَّاسِ فَاشِيًا *** تَجَاهَلْتُ حَتَّى ظُنَّ أَنِّي جَاهِلُ",
                    "theme": "الحكمة"
                },
                {
                    "text": "وَمَا النَّاسُ إِلَّا عَامِلٌ فِي تِجَارَةٍ *** وَرِبْحُ التُّقَى يَبْقَى وَإِنْ نَفَدَ العُمْرُ",
                    "theme": "الحكمة"
                }
            ]
        },
        {
            "name": "ابن خاتمة",
            "era": "العصر الأندلسي",
            "poems": [
                {
                    "text": "وَلَمَّا رَأَيْتُ الشَّمْسَ تَشْرُقُ بِالضُّحَى *** وَتَغْرُبُ بِالعَشِيِّ عَلِمْتُ أَنِّي فَانِ",
                    "theme": "الحكمة"
                },
                {
                    "text": "وَمَا المَرْءُ إِلَّا حَيْثُ يَجْعَلُ نَفْسَهُ *** فَفِي نَفْسِهِ إِمَّا مَهَانَةٌ أَوْ تَكَرُّمُ",
                    "theme": "الحكمة"
                }
            ]
        },
        {
            "name": "ابن زمرك",
            "era": "العصر الأندلسي",
            "poems": [
                {
                    "text": "يَا مَنْ أَتَى بِالجَمَالِ مُعْتَرِفًا *** وَجَاءَ بِالحُسْنِ وَهْوَ مُعْتَذِرُ",
                    "theme": "الغزل"
                },
                {
                    "text": "لَا غَرْوَ أَنْ سَكَنَ الزَّمَانُ بِرَبْعِهِمْ *** فَالدَّهْرُ يَسْكُنُ حَيْثُ تَسْكُنُ أَنْجُمُهْ",
                    "theme": "المدح"
                }
            ]
        },
        {
            "name": "ابن الخطيب",
            "era": "العصر الأندلسي",
            "poems": [
                {
                    "text": "جَادَكَ الغَيْثُ إِذَا الغَيْثُ هَمَى *** يَا زَمَانَ الوَصْلِ بِالأَنْدَلُسِ",
                    "theme": "الحنين"
                },
                {
                    "text": "لَمْ يَكُنْ وَصْلُكَ إِلَّا حُلُمًا *** فِي الكَرَى أَوْ خُلْسَةَ المُخْتَلِسِ",
                    "theme": "الغزل"
                }
            ]
        },
        {
            "name": "ابن عبد ربه",
            "era": "العصر الأندلسي",
            "poems": [
                {
                    "text": "وَالشَيْبُ كَالصُّبْحِ المُنِيرِ وَضَوْؤُهُ *** يَجْلُو الظَلَامَ عَنِ العُيُونِ العُمَّهِ",
                    "theme": "الشيب"
                },
                {
                    "text": "وَالمَرْءُ مَا عَاشَ فِي تَكْذِيبِ مُنْيَتِهِ *** وَالعَيْشُ طَيِّبٌ لِلْمَرْءِ فِي الأَمَلِ",
                    "theme": "الحكمة"
                }
            ]
        },
        {
            "name": "ابن هانئ الأندلسي",
            "era": "العصر الأندلسي",
            "poems": [
                {
                    "text": "مَا شِئْتَ لَا مَا شَاءَتِ الأَقْدَارُ *** فَاحْكُمْ فَأَنْتَ الوَاحِدُ القَهَّارُ",
                    "theme": "المدح"
                },
                {
                    "text": "وَكَأَنَّ الشَّمْسَ تَجْرِي فِي سَمَاءٍ *** مِنْ نُضَارٍ فِي مَجَرَّةٍ عَقِيقِ",
                    "theme": "وصف الطبيعة"
                }
            ]
        },
        {
            "name": "ابن دراج القسطلي",
            "era": "العصر الأندلسي",
            "poems": [
                {
                    "text": "أَفِي الحَقِّ أَنْ أَرْعَى النُّجُومَ سَوَاهِرًا *** وَتَرْقُدُ عَيْنِي وَهْيَ عَنِّي نَوَائِمُ",
                    "theme": "الغربة"
                },
                {
                    "text": "وَلَمَّا رَأَيْتُ الدَّهْرَ يَعْثُرُ بِالفَتَى *** وَيَنْهَضُ بِالشَّيْخِ الضَّعِيفِ المُهَدَّمِ",
                    "theme": "الحكمة"
                }
            ]
        },
        {
            "name": "ابن سهل الأندلسي",
            "era": "العصر الأندلسي",
            "poems": [
                {
                    "text": "هَلْ دَرَى ظَبْيُ الحِمَى أَنَّ حُشَاشَتِي *** مِنْ جَوَاهُ يَوْمَ بَانُوا تَلَفُ",
                    "theme": "الغزل"
                },
                {
                    "text": "مَا لِلْمُدَامِ وَلِلْمُدَامِ وَإِنَّمَا *** سُمِّيَتْ لِأَنَّ الرَّاحَ رَاحَةُ شَارِبِ",
                    "theme": "الخمريات"
                }
            ]
        },
        {
            "name": "ابن زيدون",
            "era": "العصر الأندلسي",
            "poems": [
                {
                    "text": "أَضْحَى التَّنَائِي بَدِيلًا مِنْ تَدَانِينَا *** وَنَابَ عَنْ طِيبِ لُقْيَانَا تَجَافِينَا",
                    "theme": "الغزل"
                },
                {
                    "text": "إِنِّي ذَكَرْتُكِ بِالزَّهْرَاءِ مُشْتَاقًا *** وَالأُفْقُ طَلْقٌ وَمَرْأَى الأَرْضِ قَدْ رَاقَا",
                    "theme": "الغزل"
                }
            ]
        },
        {
            "name": "ابن خفاجة",
            "era": "العصر الأندلسي",
            "poems": [
                {
                    "text": "وَأَرْعَنَ طَمَّاحِ الذُّؤَابَةِ بَاذِخٍ *** يُطَاوِلُ أَعْنَانَ السَّمَاءِ بِغَارِبِ",
                    "theme": "وصف الطبيعة"
                },
                {
                    "text": "وَمَاءٍ كَصَفْحَةِ المِرْآةِ رَقَّتْ *** حَوَاشِيهِ وَرَقَّ حَتَّى كَادَ يَخْفَى",
                    "theme": "وصف الطبيعة"
                }
            ]
        },
        {
            "name": "المعتمد بن عباد",
            "era": "العصر الأندلسي",
            "poems": [
                {
                    "text": "فِيمَا مَضَى كُنْتَ بِالأَعْيَادِ مَسْرُورًا *** فَسَاءَكَ العِيدُ فِي أَغْمَاتَ مَأْسُورًا",
                    "theme": "الرثاء"
                },
                {
                    "text": "دَهْرٌ رَمَانِي بِسَهْمَيْهِ فَأَقْصَدَنِي *** وَكَانَ لِي أَمَلٌ فِي العَيْشِ مُمْتَدُّ",
                    "theme": "الشكوى"
                }
            ]
        },
        {
            "name": "أحمد شوقي",
            "era": "العصر الحديث",
            "poems": [
                {
                    "text": "وَطَنِي لَوْ شُغِلْتُ بِالخُلْدِ عَنْهُ *** نَازَعَتْنِي إِلَيْهِ فِي الخُلْدِ نَفْسِي",
                    "theme": "الوطنية"
                },
                {
                    "text": "قُمْ لِلْمُعَلِّمِ وَفِّهِ التَّبْجِيلَا *** كَادَ المُعَلِّمُ أَنْ يَكُونَ رَسُولَا",
                    "theme": "المدح"
                }
            ]
        },
        {
            "name": "حافظ إبراهيم",
            "era": "العصر الحديث",
            "poems": [
                {
                    "text": "أَنَا البَحْرُ فِي أَحْشَائِهِ الدُّرُّ كَامِنٌ *** فَهَلْ سَأَلُوا الغَوَّاصَ عَنْ صَدَفَاتِي",
                    "theme": "اللغة العربية"
                },
                {
                    "text": "رَجَعْتُ لِنَفْسِي فَاتَّهَمْتُ حَصَاتِي *** وَنَادَيْتُ قَوْمِي فَاحْتَسَبْتُ حَيَاتِي",
                    "theme": "الوطنية"
                }
            ]
        },
        {
            "name": "خليل مطران",
            "era": "العصر الحديث",
            "poems": [
                {
                    "text": "يَا لَلْغُرُوبِ وَمَا بِهِ مِنْ عِبْرَةٍ *** لِلْمُسْتَهَامِ وَعِبْرَةٍ لِلْمُغْرَمِ",
                    "theme": "وصف الطبيعة"
                },
                {
                    "text": "إِنِّي أَقَمْتُ عَلَى التَّعِلَّةِ بِالمُنَى *** حَتَّى قَضَيْتُ صَبَابَةً وَغَرَامَا",
                    "theme": "الغزل"
                }
            ]
        },
        {
            "name": "معروف الرصافي",
            "era": "العصر الحديث",
            "poems": [
                {
                    "text": "أَلَا فِي سَبِيلِ المَجْدِ مَا أَنَا فَاعِلُ *** وَمَا ضَرَّنِي أَنِّي بِمَجْدِي أُقَاتِلُ",
                    "theme": "الوطنية"
                },
                {
                    "text": "أَنَامُ مِلْءَ جُفُونِي عَنْ شَوَارِدِهَا *** وَيَسْهَرُ الخَلْقُ جَرَّاهَا وَيَخْتَصِمُ",
                    "theme": "الفخر"
                }
            ]
        },
        {
            "name": "جميل صدقي الزهاوي",
            "era": "العصر الحديث",
            "poems": [
                {
                    "text": "وَلَسْتُ أَرَى السَّعَادَةَ جَمْعَ مَالٍ *** وَلَكِنَّ التَّقِيَّ هُوَ السَّعِيدُ",
                    "theme": "الحكمة"
                },
                {
                    "text": "وَمَا المَرْءُ إِلَّا حَيْثُ يَجْعَلُ نَفْسَهُ *** وَفِي نَفْسِهِ إِمَّا مَهَانَةٌ أَوْ تَكَرُّمُ",
                    "theme": "الحكمة"
                }
            ]
        },
        {
            "name": "إلياس أبو شبكة",
            "era": "العصر الحديث",
            "poems": [
                {
                    "text": "أَنَا الشَّاعِرُ المَجْهُولُ فِي عَالَمِ الدُّجَى *** أُغَنِّي وَلَا أَدْرِي لِمَنْ أَنَا أُغَنِّي",
                    "theme": "الذات"
                },
                {
                    "text": "وَأَنْتِ الَّتِي أَحْبَبْتُ مِنْ قَبْلِ أَنْ أَرَى *** وَجُودًا وَمِنْ بَعْدِ الوُجُودِ سَأُحِبُّ",
                    "theme": "الغزل"
                }
            ]
        }
    ]
}
