{
    "eras": [
        "العصر الجاهلي",
        "عصر صدر الإسلام",
        "العصر الأموي",
        "العصر العباسي",
        "العصر الأندلسي",
        "العصر المملوكي",
        "العصر العثماني",
        "العصر الحديث",
        "العصر المعاصر"
    ],
    "poets": [
        {
            "name": "امرؤ القيس",
            "era": "العصر الجاهلي",
            "poems": [
                {
                    "text": "قِفَا نَبْكِ مِنْ ذِكْرَى حَبِيبٍ وَمَنْزِلِ *** بِسِقْطِ اللِّوَى بَيْنَ الدَّخُولِ فَحَوْمَلِ",
                    "theme": "الطلل"
                },
                {
                    "text": "أَفَاطِمَ مَهْلاً بَعْضَ هَذَا التَّدَلُّلِ *** وَإِنْ كُنْتِ قَدْ أزْمَعْتِ صَرْمِي فَأَجْمِلِي",
                    "theme": "الغزل"
                }
            ]
        },
        {
            "name": "زهير بن أبي سلمى",
            "era": "العصر الجاهلي",
            "poems": [
                {
                    "text": "سَئِمتُ تَكاليفَ الحَياةِ وَمَن يَعِش *** ثَمانينَ حَولًا لا أَبا لَكَ يَسأَمِ",
                    "theme": "الحكمة"
                },
                {
                    "text": "وَمَن لا يُصانِع في أُمورٍ كَثيرَةٍ *** يُضَرَّس بِأَنيابٍ وَيوطَأ بِمَنسِمِ",
                    "theme": "الحكمة"
                }
            ]
        },
        {
            "name": "عنترة بن شداد",
            "era": "العصر الجاهلي",
            "poems": [
                {
                    "text": "هَلْ غَادَرَ الشُّعَرَاءُ مِنْ مُتَرَدَّمِ *** أَمْ هَلْ عَرَفْتَ الدَّارَ بَعْدَ تَوَهُّمِ",
                    "theme": "الطلل"
                },
                {
                    "text": "وَلَقَدْ ذَكَرْتُكِ وَالرِّمَاحُ نَوَاهِلٌ *** مِنِّي وَبِيضُ الهِنْدِ تَقْطُرُ مِنْ دَمِي",
                    "theme": "الغزل والحماسة"
                }
            ]
        },
        {
            "name": "طرفة بن العبد",
            "era": "العصر الجاهلي",
            "poems": [
                {
                    "text": "لِخَوْلَةَ أَطْلالٌ بِبُرْقَةِ ثَهْمَدِ *** تَلُوحُ كَباقي الوَشْمِ في ظاهِرِ اليَدِ",
                    "theme": "الطلل"
                },
                {
                    "text": "فَإِنْ مِتُّ فَانْعِينِي بِمَا أَنَا أَهْلُهُ *** وَشُقِّي عَلَيَّ الجَيْبَ يَا ابْنَةَ مَعْبَدِ",
                    "theme": "الرثاء"
                }
            ]
        },
        {
            "name": "لبيد بن ربيعة",
            "era": "العصر الجاهلي",
            "poems": [
                {
                    "text": "عَفَتِ الدِّيَارُ مَحَلُّهَا فَمُقَامُهَا *** بِمِنًى تَأَبَّدَ غَوْلُهَا فَرِجَامُهَا",
                    "theme": "الطلل"
                },
                {
                    "text": "وَمَا المَرْءُ إِلَّا كَالشِّهَابِ وَضَوْئِهِ *** يَحُورُ رَمَادًا بَعْدَ إِذْ هُوَ سَاطِعُ",
                    "theme": "الحكمة"
                }
            ]
        },
        {
            "name": "حسان بن ثابت",
            "era": "عصر صدر الإسلام",
            "poems": [
                {
                    "text": "لَنَا الجَفَنَاتُ الغُرُّ يَلْمَعْنَ بِالضُّحَى *** وَأَسْيَافُنَا يَقْطُرْنَ مِنْ نَجْدَةٍ دَمَا",
                    "theme": "الفخر"
                },
                {
                    "text": "هَجَوْتَ مُحَمَّدًا بَرًّا تَقِيًّا *** رَسُولَ اللهِ شِيمَتُهُ الوَفَاءُ",
                    "theme": "المدح"
                }
            ]
        },
        {
            "name": "كعب بن زهير",
            "era": "عصر صدر الإسلام",
            "poems": [
                {
                    "text": "بَانَتْ سُعَادُ فَقَلْبِي اليَوْمَ مَتْبُولُ *** مُتَيَّمٌ إِثْرَهَا لَمْ يُفْدَ مَكْبُولُ",
                    "theme": "الغزل"
                },
                {
                    "text": "إِنَّ الرَّسُولَ لَنُورٌ يُسْتَضَاءُ بِهِ *** مُهَنَّدٌ مِنْ سُيُوفِ اللهِ مَسْلُولُ",
                    "theme": "المدح"
                }
            ]
        },
        {
            "name": "جرير",
            "era": "العصر الأموي",
            "poems": [
                {
                    "text": "إِنَّ العُيُونَ الَّتِي فِي طَرْفِهَا حَوَرٌ *** قَتَلْنَنَا ثُمَّ لَمْ يُحْيِينَ قَتْلانَا",
                    "theme": "الغزل"
                },
                {
                    "text": "أَلَسْتُمْ خَيْرَ مَنْ رَكِبَ المَطَايَا *** وَأَنْدَى العَالَمِينَ بُطُونَ رَاحِ",
                    "theme": "المدح"
                }
            ]
        },
        {
            "name": "الفرزدق",
            "era": "العصر الأموي",
            "poems": [
                {
                    "text": "هَذَا الَّذِي تَعْرِفُ البَطْحَاءُ وَطْأَتَهُ *** وَالبَيْتُ يَعْرِفُهُ وَالحِلُّ وَالحَرَمُ",
                    "theme": "المدح"
                },
                {
                    "text": "إِنَّ الَّذِي سَمَكَ السَّمَاءَ بَنَى لَنَا *** بَيْتًا دَعَائِمُهُ أَعَزُّ وَأَطْوَلُ",
                    "theme": "الفخر"
                }
            ]
        },
        {
            "name": "عمر بن أبي ربيعة",
            "era": "العصر الأموي",
            "poems": [
                {
                    "text": "أَمِنْ آلِ نُعْمٍ أَنْتَ غَادٍ فَمُبْكِرُ *** غَدَاةَ غَدٍ أَمْ رَائِحٌ فَمُهَجِّرُ",
                    "theme": "الغزل"
                },
                {
                    "text": "قَالَتْ الْكُبْرَى أَتَعْرِفْنَ الْفَتَى *** قَالَتِ الْوُسْطَى نَعَمْ هَذَا عُمَرْ",
                    "theme": "الغزل"
                }
            ]
        },
        {
            "name": "أبو نواس",
            "era": "العصر العباسي",
            "poems": [
                {
                    "text": "دَعْ عَنْكَ لَوْمِي فَإِنَّ اللَّوْمَ إِغْرَاءُ *** وَدَاوِنِي بِالَّتِي كَانَتْ هِيَ الدَّاءُ",
                    "theme": "الخمريات"
                },
                {
                    "text": "صَفْرَاءُ لَا تَنْزِلُ الأَحْزَانُ سَاحَتَهَا *** لَوْ مَسَّهَا حَجَرٌ مَسَّتْهُ سَرَّاءُ",
                    "theme": "الخمريات"
                }
            ]
        },
        {
            "name": "أبو تمام",
            "era": "العصر العباسي",
            "poems": [
                {
                    "text": "السَّيْفُ أَصْدَقُ أَنْبَاءً مِنَ الكُتُبِ *** فِي حَدِّهِ الحَدُّ بَيْنَ الجِدِّ وَاللَّعِبِ",
                    "theme": "المدح"
                },
                {
                    "text": "لَا تُنْكِرِي عَطَلَ الكَرِيمِ مِنَ الغِنَى *** فَالسَّيْلُ حَرْبٌ لِلْمَكَانِ العَالِي",
                    "theme": "الحكمة"
                }
            ]
        },
        {
            "name": "المتنبي",
            "era": "العصر العباسي",
            "poems": [
                {
                    "text": "الخَيْلُ وَاللَّيْلُ وَالبَيْدَاءُ تَعْرِفُنِي *** وَالسَّيْفُ وَالرُّمْحُ وَالقِرْطَاسُ وَالقَلَمُ",
                    "theme": "الفخر"
                },
                {
                    "text": "عَلَى قَدْرِ أَهْلِ العَزْمِ تَأْتِي العَزَائِمُ *** وَتَأْتِي عَلَى قَدْرِ الكِرَامِ المَكَارِمُ",
                    "theme": "الحكمة"
                }
            ]
        },
        {
            "name": "البحتري",
            "era": "العصر العباسي",
            "poems": [
                {
                    "text": "وَفَاءٌ وَحِفْظٌ لِلْمَوَدَّةِ وَالعَهْدِ *** وَصَبْرٌ عَلَى نَائِبَاتِ الزَّمَانِ",
                    "theme": "المدح"
                },
                {
                    "text": "صُنْتُ نَفْسِي عَمَّا يُدَنِّسُ نَفْسِي *** وَتَرَفَّعْتُ عَنْ جَدَا كُلِّ جِبْسِ",
                    "theme": "الفخر"
                }
            ]
        },
        {
            "name": "ابن زيدون",
            "era": "العصر الأندلسي",
            "poems": [
                {
                    "text": "أَضْحَى التَّنَائِي بَدِيلًا مِنْ تَدَانِينَا *** وَنَابَ عَنْ طِيبِ لُقْيَانَا تَجَافِينَا",
                    "theme": "الغزل"
                },
                {
                    "text": "إِنِّي ذَكَرْتُكِ بِالزَّهْرَاءِ مُشْتَاقًا *** وَالأُفْقُ طَلْقٌ وَمَرْأَى الأَرْضِ قَدْ رَاقَا",
                    "theme": "الغزل"
                }
            ]
        },
        {
            "name": "ابن خفاجة",
            "era": "العصر الأندلسي",
            "poems": [
                {
                    "text": "وَأَرْعَنَ طَمَّاحِ الذُّؤَابَةِ بَاذِخٍ *** يُطَاوِلُ أَعْنَانَ السَّمَاءِ بِغَارِبِ",
                    "theme": "وصف الطبيعة"
                },
                {
                    "text": "وَمَاءٍ كَصَفْحَةِ المِرْآةِ رَقَّتْ *** حَوَاشِيهِ وَرَقَّ حَتَّى كَادَ يَخْفَى",
                    "theme": "وصف الطبيعة"
                }
            ]
        },
        {
            "name": "أحمد شوقي",
            "era": "العصر الحديث",
            "poems": [
                {
                    "text": "وَطَنِي لَوْ شُغِلْتُ بِالخُلْدِ عَنْهُ *** نَازَعَتْنِي إِلَيْهِ فِي الخُلْدِ نَفْسِي",
                    "theme": "الوطنية"
                },
                {
                    "text": "قُمْ لِلْمُعَلِّمِ وَفِّهِ التَّبْجِيلَا *** كَادَ المُعَلِّمُ أَنْ يَكُونَ رَسُولَا",
                    "theme": "المدح"
                }
            ]
        },
        {
            "name": "حافظ إبراهيم",
            "era": "العصر الحديث",
            "poems": [
                {
                    "text": "أَنَا البَحْرُ فِي أَحْشَائِهِ الدُّرُّ كَامِنٌ *** فَهَلْ سَأَلُوا الغَوَّاصَ عَنْ صَدَفَاتِي",
                    "theme": "اللغة العربية"
                },
                {
                    "text": "رَجَعْتُ لِنَفْسِي فَاتَّهَمْتُ حَصَاتِي *** وَنَادَيْتُ قَوْمِي فَاحْتَسَبْتُ حَيَاتِي",
                    "theme": "الوطنية"
                }
            ]
        },
        {
            "name": "نزار قباني",
            "era": "العصر المعاصر",
            "poems": [
                {
                    "text": "أَحِبُّكِ جِدًّا وَأَعْرِفُ أَنِّي *** أُعَانِي الكَثِيرَ لِأَنِّي أُحِبُّكْ",
                    "theme": "الغزل"
                },
                {
                    "text": "عَيْنَاكِ غَابَتَا نَخِيلٍ سَاعَةَ السَّحَرْ *** أَوْ شُرْفَتَانِ رَاحَ يَنْأَى عَنْهُمَا القَمَرْ",
                    "theme": "الغزل"
                }
            ]
        },
        {
            "name": "محمود درويش",
            "era": "العصر المعاصر",
            "poems": [
                {
                    "text": "عَلَى هَذِهِ الأَرْضِ مَا يَسْتَحِقُّ الحَيَاةْ *** عَلَى هَذِهِ الأَرْضِ سَيِّدَةُ الأَرْضِ، أُمُّ البِدَايَاتِ، أُمُّ النِّهَايَاتْ",
                    "theme": "الوطنية"
                },
                {
                    "text": "سَجِّلْ أَنَا عَرَبِيْ *** وَرَقَمُ بِطَاقَتِي خَمْسُونَ أَلْفْ",
                    "theme": "الهوية"
                }
            ]
        },
        {
            "name": "الخنساء",
            "era": "العصر الجاهلي",
            "poems": [
                {
                    "text": "تَذْرِفُ عَيْنَايَ الدُّمُوعَ لِذِكْرِهِ *** وَحَقَّ لِعَيْنَيْ أَنْ تَفِيضَ عَلَى صَخْرِ",
                    "theme": "الرثاء"
                },
                {
                    "text": "أَلا يَا صَخْرُ إِنْ أَبْكِيكَ حَتَّى *** أَرَى الدَّمْعَ المُحَدَّرَ قَدْ تَوَلَّى",
                    "theme": "الرثاء"
                }
            ]
        },
        {
            "name": "الأعشى",
            "era": "العصر الجاهلي",
            "poems": [
                {
                    "text": "وَدِّعْ هُرَيْرَةَ إِنَّ الرَّكْبَ مُرْتَحِلُ *** وَهَلْ تُطِيقُ وَدَاعًا أَيُّهَا الرَّجُلُ",
                    "theme": "الغزل"
                },
                {
                    "text": "غَرَّاءُ فَرْعَاءُ مَصْقُولٌ عَوَارِضُهَا *** تَمْشِي الهُوَيْنَا كَمَا يَمْشِي الوَجِي الوَحِلُ",
                    "theme": "الغزل"
                }
            ]
        },
        {
            "name": "النابغة الذبياني",
            "era": "العصر الجاهلي",
            "poems": [
                {
                    "text": "يَا دَارَ مَيَّةَ بِالعَلْيَاءِ فَالسَّنَدِ *** أَقْوَتْ وَطَالَ عَلَيْهَا سَالِفُ الأَبَدِ",
                    "theme": "الطلل"
                },
                {
                    "text": "كَلِّفْتُ لَيْلَى وَالرِّسَالَةَ مُرْسَلًا *** وَلَقَدْ تَكُونُ بِحَاجَةِ المُتَكَلِّفِ",
                    "theme": "الغزل"
                }
            ]
        },
        {
            "name": "الحطيئة",
            "era": "عصر صدر الإسلام",
            "poems": [
                {
                    "text": "دَعِ المَكَارِمَ لَا تَرْحَلْ لِبُغْيَتِهَا *** وَاقْعُدْ فَإِنَّكَ أَنْتَ الطَّاعِمُ الكَاسِي",
                    "theme": "الهجاء"
                },
                {
                    "text": "مَاذَا تَقُولُ لِأَفْرَاخٍ بِذِي مَرَخٍ *** زُغْبِ الحَوَاصِلِ لَا مَاءٌ وَلَا شَجَرُ",
                    "theme": "الاستعطاف"
                }
            ]
        },
        {
            "name": "الأخطل",
            "era": "العصر الأموي",
            "poems": [
                {
                    "text": "ذَهَبَ الشَّبَابُ فَمَا لَهُ مِنْ عَوْدَةٍ *** وَأَتَى المَشِيبُ فَأَيَّ حِينٍ مَطْلَبُ",
                    "theme": "الحكمة"
                },
                {
                    "text": "إِنَّ الثَّمَانِينَ وَبُلِّغْتَهَا *** قَدْ أَحْوَجَتْ سَمْعِي إِلَى تَرْجُمَانِ",
                    "theme": "الشيب"
                }
            ]
        },
        {
            "name": "ذو الرمة",
            "era": "العصر الأموي",
            "poems": [
                {
                    "text": "أَمِنْ آلِ مَيٍّ عَرْفَتَ الطَّلَلْ *** بِحَوْمَانَةِ الدَّرَّاجِ فَالمُتَثَلَّمِ",
                    "theme": "الطلل"
                },
                {
                    "text": "وَمَا بَالُ عَيْنِي كُلَّمَا ذَرَّ شَارِقٌ *** مِنَ الصُّبْحِ أَوْ هَبَّتْ لَهُ الرِّيحُ تَدْمَعُ",
                    "theme": "الغزل"
                }
            ]
        },
        {
            "name": "بشار بن برد",
            "era": "العصر العباسي",
            "poems": [
                {
                    "text": "إِذَا كُنْتَ فِي كُلِّ الأُمُورِ مُعَاتِبًا *** صَدِيقَكَ لَمْ تَلْقَ الَّذِي لَا تُعَاتِبُهْ",
                    "theme": "الحكمة"
                },
                {
                    "text": "عَلِّلَانِي فَإِنَّ العَلَّ نَفْعٌ *** وَاسْقِيَانِي فَإِنَّ الهَمَّ نَصْبُ",
                    "theme": "الخمريات"
                }
            ]
        },
        {
            "name": "أبو العلاء المعري",
            "era": "العصر العباسي",
            "poems": [
                {
                    "text": "غَيْرُ مُجْدٍ فِي مِلَّتِي وَاعْتِقَادِي *** نَوْحُ بَاكٍ وَلَا تَرَنُّمُ شَادِ",
                    "theme": "الفلسفة"
                },
                {
                    "text": "أَرَانِي فِي الثَّرَى رَهْنَ رَهِينٍ *** بِلَا جُرْمٍ جَنَيْتُ وَلَا اكْتِسَابِ",
                    "theme": "الفلسفة"
                }
            ]
        },
        {
            "name": "ابن الرومي",
            "era": "العصر العباسي",
            "poems": [
                {
                    "text": "وَلِي وَطَنٌ آلَيْتُ أَلَّا أَبِيعَهُ *** وَأَلَّا أَرَى غَيْرِي لَهُ الدَّهْرَ مَالِكَا",
                    "theme": "الوطنية"
                },
                {
                    "text": "وَحَبَّبَ أَوْطَانَ الرِّجَالِ إِلَيْهِمُ *** مَآرِبُ قَضَّاهَا الشَّبَابُ هُنَالِكَا",
                    "theme": "الوطنية"
                }
            ]
        },
        {
            "name": "لسان الدين بن الخطيب",
            "era": "العصر الأندلسي",
            "poems": [
                {
                    "text": "جَادَكَ الغَيْثُ إِذَا الغَيْثُ هَمَى *** يَا زَمَانَ الوَصْلِ بِالأَنْدَلُسِ",
                    "theme": "الحنين"
                },
                {
                    "text": "لَمْ يَكُنْ وَصْلُكَ إِلَّا حُلُمًا *** فِي الكَرَى أَوْ خُلْسَةَ ��لمُخْتَلِسِ",
                    "theme": "الغزل"
                }
            ]
        },
        {
            "name": "ابن حمديس الصقلي",
            "era": "العصر الأندلسي",
            "poems": [
                {
                    "text": "سَقَى اللهُ أَرْضًا حَلَّ فِيهَا أَحِبَّتِي *** وَإِنْ كَانَ لَا يَسْقِي بِهَا لِيَ مَضْجَعَا",
                    "theme": "الحنين"
                },
                {
                    "text": "وَلَمَّا رَأَيْتُ البَحْرَ أَرْخَى سُدُولَهُ *** وَمَدَّ عَلَى وَجْهِ الفَضَاءِ ذُيُولَهُ",
                    "theme": "وصف الطبيعة"
                }
            ]
        },
        {
            "name": "البوصيري",
            "era": "العصر المملوكي",
            "poems": [
                {
                    "text": "أَمِنْ تَذَكُّرِ جِيرَانٍ بِذِي سَلَمٍ *** مَزَجْتَ دَمْعًا جَرَى مِنْ مُقْلَةٍ بِدَمِ",
                    "theme": "المدح النبوي"
                },
                {
                    "text": "مَوْلَايَ صَلِّ وَسَلِّمْ دَائِمًا أَبَدًا *** عَلَى حَبِيبِكَ خَيْرِ الخَلْقِ كُلِّهِمِ",
                    "theme": "المدح النبوي"
                }
            ]
        },
        {
            "name": "صفي الدين الحلي",
            "era": "العصر المملوكي",
            "poems": [
                {
                    "text": "يَا سَاكِنِي أَرْضِ أَنْدَلُسٍ لِلَّهِ دَرُّكُمُ *** مَاءٌ وَظِلٌّ وَأَنْهَارٌ وَأَشْجَارُ",
                    "theme": "وصف الطبيعة"
                },
                {
                    "text": "أَنَا مَنْ نَظَرَ الأَعْمَى إِلَى أَدَبِي *** وَأَسْمَعَتْ كَلِمَاتِي مَنْ بِهِ صَمَمُ",
                    "theme": "الفخر"
                }
            ]
        },
        {
            "name": "إيليا أبو ماضي",
            "era": "العصر الحديث",
            "poems": [
                {
                    "text": "أَيُّهَا الشَّاكِي وَمَا بِكَ دَاءٌ *** كُنْ جَمِيلًا تَرَى الوُجُودَ جَمِيلَا",
                    "theme": "التفاؤل"
                },
                {
                    "text": "هَذِهِ الأَرْضُ كَالحَدِيقَةِ فِيهَا *** وَرْدُ خَدٍّ وَآسُ عَارِضِ خَالِ",
                    "theme": "وصف الطبيعة"
                }
            ]
        },
        {
            "name": "أبو القاسم الشابي",
            "era": "العصر الحديث",
            "poems": [
                {
                    "text": "إِذَا الشَّعْبُ يَوْمًا أَرَادَ الحَيَاةَ *** فَلَا بُدَّ أَنْ يَسْتَجِيبَ القَدَرْ",
                    "theme": "الوطنية"
                },
                {
                    "text": "سَأَعِيشُ رَغْمَ الدَّاءِ وَالأَعْدَاءِ *** كَالنَّسْرِ فَوْقَ القِمَّةِ الشَّمَّاءِ",
                    "theme": "التحدي"
                }
            ]
        },
        {
            "name": "أمل دنقل",
            "era": "العصر المعاصر",
            "poems": [
                {
                    "text": "لَا تُصَالِحْ وَلَوْ مَنَحُوكَ الذَّهَبْ *** أَتَرَى حِينَ أَفْقَأُ عَيْنَيْكَ ثُمَّ أَثْبِتُ جَوْهَرَتَيْنِ مَكَانَهُمَا",
                    "theme": "الرفض"
                },
                {
                    "text": "كَانَ يَمْشِي بِخُطْوَةٍ وَاثِقَةْ *** وَيَقُولُ كَلَامًا عَنْ حُبِّهِ لِلْوَطَنْ",
                    "theme": "السياسة"
                }
            ]
        },
        {
            "name": "فدوى طوقان",
            "era": "العصر المعاصر",
            "poems": [
                {
                    "text": "وَأَنَا وَحْدِي مَعَ الأَيَّامِ *** أَجْتَرُّ ذِكْرَاكَ وَأَحْلَامِي",
                    "theme": "الحزن"
                },
                {
                    "text": "سَأَبْقَى عَلَى العَهْدِ مَا دُمْتُ حَيَّةً *** وَمَا دَامَ فِي عُرُوقِي دَمِي يَجْرِي",
                    "theme": "الوطنية"
                }
            ]
        },
        {
            "name": "أبو فراس الحمداني",
            "era": "العصر العباسي",
            "poems": [
                {
                    "text": "أَرَاكَ عَصِيَّ الدَّمْعِ شِيمَتُكَ الصَّبْرُ *** أَمَا لِلْهَوَى نَهْيٌ عَلَيْكَ وَلَا أَمْرُ",
                    "theme": "الفخر"
                },
                {
                    "text": "سَيَذْكُرُنِي قَوْمِي إِذَا جَدَّ جِدُّهُمْ *** وَفِي اللَّيْلَةِ الظَّلْمَاءِ يُفْتَقَدُ البَدْرُ",
                    "theme": "الفخر"
                }
            ]
        },
        {
            "name": "الشريف الرضي",
            "era": "العصر العباسي",
            "poems": [
                {
                    "text": "أَشْكُو إِلَى اللهِ قَلْبًا لَا قَرَارَ لَهُ *** وَلَا عَزَاءَ وَلَا صَبْرًا وَلَا جَلَدَا",
                    "theme": "الحب"
                },
                {
                    "text": "وَإِنِّي لَتَطْرَبُنِي الخَمْرُ حَتَّى *** كَأَنَّ بِقَلْبِي مِنْ هَوَاكِ مُدَامَا",
                    "theme": "الغزل"
                }
            ]
        },
        {
            "name": "ابن الفارض",
            "era": "العصر العباسي",
            "poems": [
                {
                    "text": "شَرِبْنَا عَلَى ذِكْرِ الحَبِيبِ مُدَامَةً *** سَكِرْنَا بِهَا مِنْ قَبْلِ أَنْ يُخْلَقَ الكَرْمُ",
                    "theme": "التصوف"
                },
                {
                    "text": "أَحِنُّ إِلَى مَنْ لَا أُسَمِّيهِ هَيْبَةً *** وَأَخْشَى عَلَيْهِ مِنْ ضَمِيرِي إِذَا سَمَّى",
                    "theme": "التصوف"
                }
            ]
        }
    ]
}