{
    "poets": [
        {
            "name": "عبد الوهاب البياتي",
            "era": "العصر المعاصر",
            "poems": [
                {
                    "text": "أَنَا الَّذِي رَأَيْتُ الشَّمْسَ فِي كَفِّي *** وَالنَّارَ تَحْتَ جِلْدِي وَالرَّمَادَ",
                    "theme": "الذات"
                },
                {
                    "text": "وَطَنِي الَّذِي أَحْمِلُهُ فِي حَقِيبَةِ أَسْفَارِي *** وَفِي أَعْمَاقِ قَلْبِي الْمُتْعَبِ",
                    "theme": "الوطنية"
                }
            ]
        },
        {
            "name": "فدوى طوقان",
            "era": "العصر المعاصر",
            "poems": [
                {
                    "text": "وَأَنَا وَحْدِي مَعَ الأَيَّامِ *** أَجْتَرُّ ذِكْرَاكَ وَأَحْلَامِي",
                    "theme": "الحزن"
                },
                {
                    "text": "سَأَبْقَى عَلَى العَهْدِ مَا دُمْتُ حَيَّةً *** وَمَا دَامَ فِي عُرُوقِي دَمِي يَجْرِي",
                    "theme": "الوطنية"
                }
            ]
        },
        {
            "name": "محمد الفيتوري",
            "era": "العصر المعاصر",
            "poems": [
                {
                    "text": "أَنَا إِفْرِيقِيٌّ *** أَنَا إِنْسَانٌ أَسْوَدُ اللَّوْنِ",
                    "theme": "الهوية"
                },
                {
                    "text": "وَطَنِي لَيْسَ حَقِيبَةً *** وَأَنَا لَسْتُ مُسَافِرًا",
                    "theme": "الوطنية"
                }
            ]
        },
        {
            "name": "أحمد مطر",
            "era": "العصر المعاصر",
            "poems": [
                {
                    "text": "الصَّمْتُ إِعْدَامٌ *** وَالكَلَامُ رَصَاصٌ",
                    "theme": "السياسة"
                },
                {
                    "text": "أَنَا لَا أَكْرَهُ النَّاسَ *** وَلَكِنِّي أَحْتَاجُ إِلَى وَقْتٍ لِأُحِبَّهُمْ",
                    "theme": "الإنسانية"
                }
            ]
        },
        {
            "name": "عبد الله البردوني",
            "era": "العصر المعاصر",
            "poems": [
                {
                    "text": "أَنَا لَا أَرَى الأَشْيَاءَ لَكِنَّنِي *** أَرَى مَا وَرَاءَ الأَشْيَاءِ",
                    "theme": "الذات"
                },
                {
                    "text": "وَطَنِي تَنَاسَاهُ الزَّمَانُ فَغَرَّبَا *** وَتَنَاسَتْهُ الأَرْضُ فَاغْتَرَبَا",
                    "theme": "الوطنية"
                }
            ]
        },
        {
            "name": "مظفر النواب",
            "era": "العصر المعاصر",
            "poems": [
                {
                    "text": "وَطَنِي لَيْسَ حَقِيبَةً *** وَأَنَا لَسْتُ مُسَافِرًا",
                    "theme": "الوطنية"
                },
                {
                    "text": "أَنَا مِنْ سُلَالَةِ الفُقَرَاءِ المُتْعَبِينَ *** وَلَكِنِّي أَمْلِكُ كُلَّ كُنُوزِ الدُّنْيَا",
                    "theme": "الفخر"
                }
            ]
        },
        {
            "name": "سعدي يوسف",
            "era": "العصر المعاصر",
            "poems": [
                {
                    "text": "أَنَا مِنْ بَلَدٍ النَّخْلُ فِيهِ *** يَقُومُ حَتَّى السَّمَاءِ",
                    "theme": "الوطنية"
                },
                {
                    "text": "أَنَا الَّذِي عَبَرَ البِحَارَ وَحِيدًا *** وَعَادَ إِلَى الشَّاطِئِ مَبْلُولًا بِالحُزْنِ",
                    "theme": "الغربة"
                }
            ]
        },
        {
            "name": "أمين الريحاني",
            "era": "العصر الحديث",
            "poems": [
                {
                    "text": "أَنَا الشَّرْقُ، أَنَا الغَرْبُ، فَلَا فَرْقَ عِنْدِي *** بَيْنَ هَذَا وَذَاكَ، فَكِلَاهُمَا مِنِّي",
                    "theme": "الهوية"
                },
                {
                    "text": "وَطَنِي لَيْسَ قِطْعَةَ أَرْضٍ *** بَلْ هُوَ كُلُّ الأَرْضِ",
                    "theme": "الوطنية"
                }
            ]
        },
        {
            "name": "ميخائيل نعيمة",
            "era": "العصر الحديث",
            "poems": [
                {
                    "text": "أَخِي، إِنْ ضَجَّتْ الدُّنْيَا وَضَاقَتْ *** فَفِي قَلْبِكَ اتِّسَاعٌ لِلْحَيَاةِ",
                    "theme": "الحكمة"
                },
                {
                    "text": "أَنَا وَأَنْتَ وَنَحْنُ وَالدُّنْيَا جَمِيعًا *** مِنْ نُورٍ وَاحِدٍ وَظِلَالٍ",
                    "theme": "الإنسانية"
                }
            ]
        },
        {
            "name": "جبران خليل جبران",
            "era": "العصر الحديث",
            "poems": [
                {
                    "text": "أَعْطِنِي النَّايَ وَغَنِّ *** فَالغِنَاءُ سِرُّ الوُجُودِ",
                    "theme": "الفلسفة"
                },
                {
                    "text": "وَالنَّفْسُ حُرَّةٌ إِنْ أَرَادَتْ *** وَعَبْدَةٌ إِنْ أَرَادَتْ",
                    "theme": "الحرية"
                }
            ]
        },
        {
            "name": "عبد الرحمن شكري",
            "era": "العصر الحديث",
            "poems": [
                {
                    "text": "أَيُّهَا الشَّاعِرُ قُمْ وَاهْتِفْ بِقَوْمِكَ *** إِنَّ الشِّعْرَ وِجْدَانٌ وَإِلْهَامُ",
                    "theme": "الشعر"
                },
                {
                    "text": "وَالنَّفْسُ كَالطِّفْلِ إِنْ تُهْمِلْهُ شَبَّ عَلَى *** حُبِّ الرَّضَاعِ وَإِنْ تَفْطِمْهُ يَنْفَطِمِ",
                    "theme": "الحكمة"
                }
            ]
        },
        {
            "name": "عبد المعطي حجازي",
            "era": "العصر المعاصر",
            "poems": [
                {
                    "text": "مَدِينَتِي تَنْأَى، وَأَقْتَرِبُ *** وَالبَحْرُ بَيْنِي وَبَيْنَهَا يَضْطَرِبُ",
                    "theme": "الحنين"
                },
                {
                    "text": "أَنَا لَا أُرِيدُ، وَلَا أَسْتَطِيعُ أَنْ أَكُونَ *** إِلَّا كَمَا أَنَا، إِنْسَانًا حَزِينًا",
                    "theme": "الذات"
                }
            ]
        },
        {
            "name": "عبد الصبور",
            "era": "العصر المعاصر",
            "poems": [
                {
                    "text": "أَنَا الَّذِي نَظَرَ الأَعْمَى إِلَى أَدَبِي *** وَأَسْمَعَتْ كَلِمَاتِي مَنْ بِهِ صَمَمُ",
                    "theme": "الفخر"
                },
                {
                    "text": "أَنَا لَا أَعْرِفُ الطَّرِيقَ إِلَى الكُهُوفِ *** وَلَا أُحِبُّ الغُرُوبَ فِي الصَّحْرَاءِ",
                    "theme": "الذات"
                }
            ]
        },
        {
            "name": "عبد الوهاب البياتي",
            "era": "العصر المعاصر",
            "poems": [
                {
                    "text": "أَنَا الَّذِي رَأَيْتُ الشَّمْسَ فِي كَفِّي *** وَالنَّارَ تَحْتَ جِلْدِي وَالرَّمَادَ",
                    "theme": "الذات"
                },
                {
                    "text": "وَطَنِي الَّذِي أَحْمِلُهُ فِي حَقِيبَةِ أَسْفَارِي *** وَفِي أَعْمَاقِ قَلْبِي الْمُتْعَبِ",
                    "theme": "الوطنية"
                }
            ]
        },
        {
            "name": "أبو العلاء المعري",
            "era": "العصر العباسي",
            "poems": [
                {
                    "text": "غَيْرُ مُجْدٍ فِي مِلَّتِي وَاعْتِقَادِي *** نَوْحُ بَاكٍ وَلَا تَرَنُّمُ شَادِ",
                    "theme": "الفلسفة"
                },
                {
                    "text": "أَرَانِي فِي الثَّرَى رَهْنَ رَهِينٍ *** بِلَا جُرْمٍ جَنَيْتُ وَلَا اكْتِسَابِ",
                    "theme": "الفلسفة"
                }
            ]
        },
        {
            "name": "أبو تمام",
            "era": "العصر العباسي",
            "poems": [
                {
                    "text": "السَّيْفُ أَصْدَقُ أَنْبَاءً مِنَ الكُتُبِ *** فِي حَدِّهِ الحَدُّ بَيْنَ الجِدِّ وَاللَّعِبِ",
                    "theme": "المدح"
                },
                {
                    "text": "لَا تُنْكِرِي عَطَلَ الكَرِيمِ مِنَ الغِنَى *** فَالسَّيْلُ حَرْبٌ لِلْمَكَانِ العَالِي",
                    "theme": "الحكمة"
                }
            ]
        },
        {
            "name": "المتنبي",
            "era": "العصر العباسي",
            "poems": [
                {
                    "text": "الخَيْلُ وَاللَّيْلُ وَالبَيْدَاءُ تَعْرِفُنِي *** وَالسَّيْفُ وَالرُّمْحُ وَالقِرْطَاسُ وَالقَلَمُ",
                    "theme": "الفخر"
                },
                {
                    "text": "عَلَى قَدْرِ أَهْلِ العَزْمِ تَأْتِي العَزَائِمُ *** وَتَأْتِي عَلَى قَدْرِ الكِرَامِ المَكَارِمُ",
                    "theme": "الحكمة"
                }
            ]
        },
        {
            "name": "البحتري",
            "era": "العصر العباسي",
            "poems": [
                {
                    "text": "وَفَاءٌ وَحِفْظٌ لِلْمَوَدَّةِ وَالعَهْدِ *** وَصَبْرٌ عَلَى نَائِبَاتِ الزَّمَانِ",
                    "theme": "المدح"
                },
                {
                    "text": "صُنْتُ نَفْسِي عَمَّا يُدَنِّسُ نَفْسِي *** وَتَرَفَّعْتُ عَنْ جَدَا كُلِّ جِبْسِ",
                    "theme": "الفخر"
                }
            ]
        },
        {
            "name": "ابن زيدون",
            "era": "العصر الأندلسي",
            "poems": [
                {
                    "text": "أَضْحَى التَّنَائِي بَدِيلًا مِنْ تَدَانِينَا *** وَنَابَ عَنْ طِيبِ لُقْيَانَا تَجَافِينَا",
                    "theme": "الغزل"
                },
                {
                    "text": "إِنِّي ذَكَرْتُكِ بِالزَّهْرَاءِ مُشْتَاقًا *** وَالأُفْقُ طَلْقٌ وَمَرْأَى الأَرْضِ قَدْ رَاقَا",
                    "theme": "الغزل"
                }
            ]
        },
        {
            "name": "ابن خفاجة",
            "era": "العصر الأندلسي",
            "poems": [
                {
                    "text": "وَأَرْعَنَ طَمَّاحِ الذُّؤَابَةِ بَاذِخٍ *** يُطَاوِلُ أَعْنَانَ السَّمَاءِ بِغَارِبِ",
                    "theme": "وصف الطبيعة"
                },
                {
                    "text": "وَمَاءٍ كَصَفْحَةِ المِرْآةِ رَقَّتْ *** حَوَاشِيهِ وَرَقَّ حَتَّى كَادَ يَخْفَى",
                    "theme": "وصف الطبيعة"
                }
            ]
        }
    ]
}
