{
    "poets": [
        {
            "name": "ابن الوردي",
            "era": "العصر المملوكي",
            "poems": [
                {
                    "text": "اِقنَع وَلا تَقنَع بِذُلٍّ وَاِنتَصِب *** لِلرِزقِ وَاِعلَم أَنَّ رِزقَكَ لَن يَفوتا",
                    "theme": "الحكمة"
                },
                {
                    "text": "لا تَصحَبِ الكَسلانَ في حاجاتِهِ *** كَم صالِحٍ بِفَسادِ آخَرَ يَفسُدُ",
                    "theme": "الحكمة"
                }
            ]
        },
        {
            "name": "ابن نباتة المصري",
            "era": "العصر المملوكي",
            "poems": [
                {
                    "text": "يا مَن يَعِزُّ عَلَيَّ أَن أَشكوهُ *** وَأَرى الجَفاءَ عَلَيهِ لا أَرضاهُ",
                    "theme": "الغزل"
                },
                {
                    "text": "لَو كانَ لي قَلبٌ لَحَذَّرتُهُ الهَوى *** لَكِنَّهُ قَلبٌ عَلى الحُبِّ مَطبوعُ",
                    "theme": "الغزل"
                }
            ]
        },
        {
            "name": "صفي الدين الحلي",
            "era": "العصر المملوكي",
            "poems": [
                {
                    "text": "أَنا مَن نَظَرَ الأَعمى إِلى أَدَبي *** وَأَسمَعَت كَلِماتي مَن بِهِ صَمَمُ",
                    "theme": "الفخر"
                },
                {
                    "text": "يا ساكِنِي أَرضِ أَندَلُسٍ لِلَّهِ دَرُّكُمُ *** ماءٌ وَظِلٌّ وَأَنهارٌ وَأَشجارُ",
                    "theme": "وصف الطبيعة"
                }
            ]
        },
        {
            "name": "ابن حجر العسقلاني",
            "era": "العصر المملوكي",
            "poems": [
                {
                    "text": "تَعَلَّم فَلَيسَ المَرءُ يولَدُ عالِماً *** وَلَيسَ أَخو عِلمٍ كَمَن هُوَ جاهِلُ",
                    "theme": "الحكمة"
                },
                {
                    "text": "وَإِنَّ أَخا العِلمِ حَيٌّ خالِدٌ *** وَإِن غَيَّبَتهُ عَن العُيونِ التُرابُ",
                    "theme": "العلم"
                }
            ]
        },
        {
            "name": "ابن معتوق الموسوي",
            "era": "العصر العثماني",
            "poems": [
                {
                    "text": "أَلا يا نَسيمَ الرَوضِ بِاللَهِ بَلِّغَن *** سَلامي إِلى تِلكَ الظِباءِ الأَوانِسِ",
                    "theme": "الغزل"
                },
                {
                    "text": "وَما أَنا إِلّا كَالغَريقِ تَعَلَّقَت *** يَداهُ بِأَهدابِ الرَجاءِ مِنَ اليَأسِ",
                    "theme": "الشكوى"
                }
            ]
        },
        {
            "name": "عبد الغني النابلسي",
            "era": "العصر العثماني",
            "poems": [
                {
                    "text": "أَنا العَبدُ المُقِرُّ بِكُلِّ ذَنبٍ *** وَأَنتَ الرَبُّ ذو كَرَمٍ وَجودِ",
                    "theme": "التصوف"
                },
                {
                    "text": "وَلَو أَنَّ العِبادَ جَميعَ ما هُم *** أَطاعوكَ اِستَحَقّوا لِلمَزيدِ",
                    "theme": "التصوف"
                }
            ]
        },
        {
            "name": "حسن البوريني",
            "era": "العصر العثماني",
            "poems": [
                {
                    "text": "أَلا يا حَمامَ الدَوحِ هَل لَكَ مُسعِدٌ *** عَلى البُكا وَالنَوحِ وَالتَرَنُّمِ",
                    "theme": "الحزن"
                },
                {
                    "text": "وَما لي لا أَبكي وَقَد حالَ بَينَنا *** فِراقٌ وَشَطَّت دارُ ذاكَ المُتَيَّمِ",
                    "theme": "الفراق"
                }
            ]
        },
        {
            "name": "عائشة الباعونية",
            "era": "العصر المملوكي",
            "poems": [
                {
                    "text": "وَلَمّا رَأَيتُ الحُبَّ بَحراً بِلا قَرارٍ *** رَمَيتُ نَفسي فيهِ وَاللَهُ يَحميني",
                    "theme": "التصوف"
                },
                {
                    "text": "أَنا في الهَوى صَبٌّ وَقَلبي مُتَيَّمٌ *** وَدَمعي جارٍ في الخُدودِ وَمُرسَلُ",
                    "theme": "الغزل"
                }
            ]
        },
        {
            "name": "ابن سناء الملك",
            "era": "العصر الأيوبي",
            "poems": [
                {
                    "text": "وَلَقَد ذَكَرتُكِ وَالرِماحُ نَواهِلٌ *** مِنّي وَبيضُ الهِندِ تَقطُرُ مِن دَمي",
                    "theme": "الغزل"
                },
                {
                    "text": "وَدَدتُ تَقبيلَ السُيوفِ لِأَنَّها *** بَرَقَت كَبارِقِ ثَغرِكِ المُتَبَسِّمِ",
                    "theme": "الغزل"
                }
            ]
        },
        {
            "name": "ابن الفارض",
            "era": "العصر الأيوبي",
            "poems": [
                {
                    "text": "شَرِبنا عَلى ذِكرِ الحَبيبِ مُدامَةً *** سَكِرنا بِها مِن قَبلِ أَن يُخلَقَ الكَرمُ",
                    "theme": "التصوف"
                },
                {
                    "text": "أَحِنُّ إِلى مَن لا أُسَمّيهِ هَيبَةً *** وَأَخشى عَلَيهِ مِن ضَميري إِذا سَمّى",
                    "theme": "التصوف"
                }
            ]
        },
        {
            "name": "ابن قلاقس",
            "era": "العصر الأيوبي",
            "poems": [
                {
                    "text": "وَلَمّا رَأَيتُ الدَهرَ يَعثُرُ بِالفَتى *** وَيَنهَضُ بِالشَيخِ الضَعيفِ المُهَدَّمِ",
                    "theme": "الحكمة"
                },
                {
                    "text": "وَلَيسَ عَلى الأَيّامِ وَالدَهرِ مَعتَبٌ *** وَلا لِامرِئٍ عَن حُكمِ خالِقِهِ مَعدِلُ",
                    "theme": "الحكمة"
                }
            ]
        },
        {
            "name": "ابن مطروح",
            "era": "العصر الأيوبي",
            "poems": [
                {
                    "text": "لا تَحسَبوا أَنَّ قَلبي قَد صَحا وَسَلا *** ما زالَ في الحُبِّ مُستَهاماً مُشتَعِلا",
                    "theme": "الغزل"
                },
                {
                    "text": "يا مَن يَعِزُّ عَلَيَّ أَن أَشكوهُ *** وَأَرى الجَفاءَ عَلَيهِ لا أَرضاهُ",
                    "theme": "الغزل"
                }
            ]
        },
        {
            "name": "ابن الساعاتي",
            "era": "العصر الأيوبي",
            "poems": [
                {
                    "text": "وَلَقَد نَظَرتُ إِلى الحَبيبِ وَبَينَنا *** سَتَرٌ رَقيقٌ كادَ أَن يَتَمَزَّقا",
                    "theme": "الغزل"
                },
                {
                    "text": "فَتَنَفَّسَت ريحُ الصَبا فَتَحَرَّكَت *** أَغصانُ بانٍ بِالنَسيمِ تَأَوُّدا",
                    "theme": "وصف الطبيعة"
                }
            ]
        },
        {
            "name": "ابن الجياب",
            "era": "العصر الأندلسي",
            "poems": [
                {
                    "text": "لا تَحسَبَنَّ المَجدَ تَمراً أَنتَ آكِلُهُ *** لَن تَبلُغَ المَجدَ حَتّى تَلعَقَ الصَبِرا",
                    "theme": "الحكمة"
                },
                {
                    "text": "وَإِذا الكَريمُ أَتاكَ يَوماً سائِلاً *** فَاِعلَم بِأَنَّ الدَهرَ خانَ وَغَدَرا",
                    "theme": "الحكمة"
                }
            ]
        },
        {
            "name": "ابن زمرك",
            "era": "العصر الأندلسي",
            "poems": [
                {
                    "text": "يا مَن أَتى بِالجَمالِ مُعتَرِفاً *** وَجاءَ بِالحُسنِ وَهوَ مُعتَذِرُ",
                    "theme": "الغزل"
                },
                {
                    "text": "لا غَروَ أَن سَكَنَ الزَمانُ بِرَبعِهِم *** فَالدَهرُ يَسكُنُ حَيثُ تَسكُنُ أَنجُمُه",
                    "theme": "المدح"
                }
            ]
        },
        {
            "name": "ابن الخطيب",
            "era": "العصر الأندلسي",
            "poems": [
                {
                    "text": "جادَكَ الغَيثُ إِذا الغَيثُ هَمى *** يا زَمانَ الوَصلِ بِالأَندَلُسِ",
                    "theme": "الحنين"
                },
                {
                    "text": "لَم يَكُن وَصلُكَ إِلّا حُلُماً *** في الكَرى أَو خُلسَةَ المُختَلِسِ",
                    "theme": "الغزل"
                }
            ]
        },
        {
            "name": "ابن عبد ربه",
            "era": "العصر الأندلسي",
            "poems": [
                {
                    "text": "وَالشَيبُ كَالصُبحِ المُنيرِ وَضوؤُهُ *** يَجلو الظَلامَ عَنِ العُيونِ العُمَّهِ",
                    "theme": "الشيب"
                },
                {
                    "text": "وَالمَرءُ ما عاشَ في تَكذيبِ مُنيَتِهِ *** وَالعَيشُ طَيِّبٌ لِلمَرءِ في الأَمَلِ",
                    "theme": "الحكمة"
                }
            ]
        },
        {
            "name": "ابن هانئ الأندلسي",
            "era": "العصر الأندلسي",
            "poems": [
                {
                    "text": "ما شِئتَ لا ما شاءَتِ الأَقدارُ *** فَاحكُم فَأَنتَ الواحِدُ القَهّارُ",
                    "theme": "المدح"
                },
                {
                    "text": "وَكَأَنَّ الشَمسَ تَجري في سَماءٍ *** مِن نُضارٍ في مَجَرَّةٍ عَقيقِ",
                    "theme": "وصف الطبيعة"
                }
            ]
        },
        {
            "name": "ابن دراج القسطلي",
            "era": "العصر الأندلسي",
            "poems": [
                {
                    "text": "أَفي الحَقِّ أَن أَرعى النُجومَ سَواهِراً *** وَتَرقُدُ عَيني وَهيَ عَنّي نَوائِمُ",
                    "theme": "الغربة"
                },
                {
                    "text": "وَلَمّا رَأَيتُ الدَهرَ يَعثُرُ بِالفَتى *** وَيَنهَضُ بِالشَيخِ الضَعيفِ المُهَدَّمِ",
                    "theme": "الحكمة"
                }
            ]
        },
        {
            "name": "ابن سهل الأندلسي",
            "era": "العصر الأندلسي",
            "poems": [
                {
                    "text": "هَل دَرى ظَبيُ الحِمى أَنَّ حُشاشَتي *** مِن جَواهُ يَومَ بانوا تَلَفُ",
                    "theme": "الغزل"
                },
                {
                    "text": "ما لِلمُدامِ وَلِلمُدامِ وَإِنَّما *** سُمِّيَت لِأَنَّ الراحَ راحَةُ شارِبِ",
                    "theme": "الخمريات"
                }
            ]
        },
        {
            "name": "خير الدين الزركلي",
            "era": "العصر الحديث",
            "poems": [
                {
                    "text": "بِلادي وَإِن جارَت عَلَيَّ عَزيزَةٌ *** وَأَهلي وَإِن ضَنّوا عَلَيَّ كِرامُ",
                    "theme": "الوطنية"
                },
                {
                    "text": "وَما نَيلُ المَطالِبِ بِالتَمَنّي *** وَلَكِن تُؤخَذُ الدُنيا غِلابا",
                    "theme": "الحكمة"
                }
            ]
        }
    ]
}
